country_code,year,debt_to_gdp,current_account_pct_gdp,reserves_months_imports,gdp_growth,inflation,currency_depreciation_pct,political_stability,government_effectiveness,rule_of_law,regulatory_quality,control_of_corruption
AFG,2010,,69.04598764899113,74.40928609106592,12.402374058341877,29.88909464289738,,90.30276480159817,80.33598844687141,82.79350565900367,77.91300862963553,98.74982655591104
ARE,2010,,,,79.19915989441644,21.445539976892942,,8.525456265473162,3.655961763770785,22.019289300140798,10.443393559244207,14.199828379033203
BGD,2010,,58.45959626900053,90.65867578259245,58.421667717832435,68.50604295325027,,63.235866587125244,49.13114741251077,50.846450010630065,58.79779912305633,77.92154503087016
BHR,2010,0.0,56.440628051833144,92.15731932797607,64.89995522358032,28.482525003103625,,46.33749117376944,18.025482982632337,20.302459104347097,6.854360231319179,39.29269789248727
BTN,2010,54.37346894098876,98.57350829180847,70.99448211338,25.12645747367111,61.4275603758934,,9.749468349911796,12.628353645395537,20.585158578459883,61.45360976966978,18.64578815056382
DJI,2010,,53.343857247257006,86.53832667548691,,41.39042604005918,,19.64027187284105,54.34190850647466,48.92831615308092,56.77982974687009,61.663274779488845
DZA,2010,,48.70095986663189,4.702225304566729,62.461998503967564,41.137118252048055,,60.673029243414675,46.81831927002777,48.561757650636004,63.94357333032696,57.2774103943702
EGY,2010,,65.97664725389075,84.35558228621136,60.64421519342975,88.88212251168068,,53.06142707564797,41.97588643819386,32.638689714512644,32.761901774776454,64.39955842496103
ERI,2010,,,,76.10347834632914,,,50.909194196876726,67.92331013672725,71.31196711800973,92.15398057324964,68.05357042390973
ETH,2010,,66.10350762710952,94.96864368313027,21.88773308707959,68.65268809160658,,66.48241322958746,41.383282580764416,50.7717042546321,55.10519009030457,67.36603393053096
IND,2010,56.046819971823616,68.29186037892528,81.55025171538986,43.10504849784193,93.58383820847993,,50.77780047324346,22.682273830388276,22.849684532858927,42.58602978525617,56.1977128973602
IRN,2010,,,,57.237766103489385,81.24834205504256,,65.53012754270198,48.182156345296185,58.044640869378604,76.81568793585758,82.53078725385168
IRQ,2010,,52.93653587627423,68.36245180119782,54.07253076398405,31.52080274256004,,82.48677567320946,67.7717989568621,74.63918273377111,63.41874839668263,87.34470752583184
ISR,2010,,56.78394014386039,75.74949593412917,58.5634432771804,33.29211869226797,,46.611483022714644,,0.0,0.0,21.953228749366236
JOR,2010,61.287282643780884,74.05195855468698,79.7047704829892,73.78161118538684,47.203868015072715,,37.98432469805673,23.450524318603357,22.920566236316304,30.16682544471051,43.3849422647731
KWT,2010,,0.0,80.57928245811438,100.0,44.937312000880084,,14.099655929041347,22.540315492399003,13.574250480358454,19.382244079370647,40.62131343660839
LBN,2010,,100.0,58.18148394237389,45.84008305805871,41.60727227770387,,63.49223116027157,35.910754027293024,44.40585162339095,32.13785667225081,75.95291956104498
LBY,2010,,18.882267807923768,0.0,61.272351160865114,33.923117740290024,,40.87748303730985,67.32893623363198,60.48422752042778,71.40231795574525,84.83079198901969
LKA,2010,100.0,65.54469470997175,87.95067254626247,45.62632748336569,56.11211304055996,,47.59543342987056,29.489879595008144,31.14594949517235,33.74019193789985,52.839026891629494
MAR,2010,44.86349589809549,69.52609425940635,82.83647312731102,69.26985021588253,22.19587880465574,,38.966068624355756,28.857993560006374,36.18454238586723,32.143805392783285,54.19001816687623
MDV,2010,64.24336612797494,76.65386639994374,96.56140784104319,52.06802392880123,55.67217365423494,,31.82748140456316,27.24246207136689,29.127014948273715,38.73171719358571,62.45328228811237
NPL,2010,11.92372612171982,63.540689344788824,86.18452435282016,62.376067414377204,76.29565343652558,,67.94597837044313,46.357313578722916,54.697167966007875,59.169824871912326,68.21685947489792
OMN,2010,,47.30590476115387,87.59799331152645,74.64914526081951,36.88803930420774,,13.756752095560968,20.064663416358382,11.208992781586327,6.839538314436896,35.2804069142692
PAK,2010,,63.32955440098924,89.6057701297237,79.72859121988702,99.74812685906235,,88.7254848121264,48.13104458772056,49.769281904225146,53.47829920467976,83.92413105955076
PSE,2010,,88.1125924167377,98.95917810596578,57.34548327180191,40.08598868473913,,71.79678380106918,41.27599551894699,40.91685662052284,28.276466724391287,44.89974395445263
QAT,2010,,,,0.0,0.0,,0.0,0.0,2.317814153425888,6.715450747774127,0.0
SAU,2010,,35.80024724536384,21.23203817804514,61.208130957463425,50.410392952925555,,35.36750474362671,26.672520878769575,29.31613415238294,24.0888979540018,48.3487248291586
SDN,2010,,67.65870988265094,100.0,67.39212585486587,100.0,,87.97193228580532,73.23739933540865,67.79170870220986,74.03133753551616,92.98489976375306
SOM,2010,,,,52.54501797049688,,,100.0,100.0,100.0,100.0,100.0
SSD,2010,,,,58.831946033090475,23.33893717200713,,,,,,51.37474465977817
SYR,2010,,63.15567686050877,71.22738656465295,60.41243814447468,44.29464797348526,,55.60079414636847,50.1205759161101,46.94916912528631,54.77621462085761,80.29412817720286
TUN,2010,24.127004312123447,70.80862348061903,90.43385722966744,72.03616510099715,37.42300298913892,,34.208704242642526,19.587987416191375,31.7134105249646,33.24555333140197,50.75852276617625
TUR,2010,40.0888679739306,73.02956966028971,88.90936970650534,42.87149420837675,71.36113617025173,,41.96725606979419,12.481517547976004,23.017565550376464,20.87740260653728,42.40661036051458
YEM,2010,,68.59599415960727,87.00693511028541,47.273692071500854,88.29551694347437,,87.83968840362364,61.7410135389577,59.477847101603345,44.854194614948796,78.9422723625733
AFG,2011,,79.88799330045828,87.11693364580559,19.878576607270467,25.827839267344004,1.473777862664595,88.6311381770528,81.14013534270997,85.71614741571618,78.56799978368478,97.28615446113007
ARE,2011,,,,9.91935177956322,2.703338361748778,1.284453311942626,6.214396933435371,0.8610400036103691,14.650314550299083,11.238066510395207,0.4428020396420025
BGD,2011,,61.92383813107906,96.67724182932493,10.348854457580467,24.962227694619628,3.2148969975917137,61.32964865576359,51.14096546399003,48.31520593833566,60.11585927377464,78.068947809035
BHR,2011,0.0,46.13446172779966,97.23660271162885,17.50830352221926,0.0,1.284453311942626,55.20625306416126,20.679441091201014,26.718613767486886,10.877294991246616,33.841431277308374
BTN,2011,67.67631491770463,100.0,91.79082660397387,7.153018109792707,19.573740870403576,1.9012940341656122,7.77285380016603,13.427491706199,21.246838253073378,62.68100988721156,15.217574379433444
DJI,2011,,81.68285087138464,94.92288408881649,,11.573541010275227,1.284453311942626,23.742156354428534,54.50336182647765,52.75402337245796,58.016574888152064,59.48888033782549
DZA,2011,,50.103505554669304,56.1616635576481,15.816631429628933,10.421208942031846,0.7031953818684129,61.70811344143651,51.22058793010247,51.609629288724534,69.1877019624809,58.6270398376025
EGY,2011,,65.08417123267802,96.04275165220496,17.7664887648169,22.147038760362985,2.935557240107901,68.16147477528338,41.84084005638237,41.94020326164751,39.49052177776618,61.118300089691324
ERI,2011,,,,6.852289168635985,,1.284453311942626,48.877363448116604,70.67422648014413,72.03579725374706,91.71969385513277,67.52714034025803
ETH,2011,,66.49311565329904,96.56610190150033,2.9089506655265964,71.21359193602731,6.44321747954469,63.039604305123106,43.717118385506346,51.860871892372714,60.76850921306546,62.218811280480644
IND,2011,50.02714532879293,66.67371781606879,92.37124819737556,12.279196101164649,19.70666091125737,1.9012940341656122,53.953554130180834,24.58177205199063,26.544367878994763,46.583165621864005,58.16832665567989
IRN,2011,,,,16.375789459348677,56.4913741524119,2.3389018076599086,59.22758096384819,47.018741305550186,56.97790925826528,72.24698218656604,74.25909698399568
IRQ,2011,,41.51918863382087,82.77747733378821,8.641004964975831,12.706477273323035,1.284453311942626,73.22054136425409,69.0801630331841,70.97131935161131,63.450685413514094,84.77901863033301
ISR,2011,,60.36389305876501,89.05166147282185,11.849739293514984,8.229059048169635,0.0,45.94628010791098,,0.0,0.0,15.135159356811453
JOR,2011,59.14696729647473,74.76462810188873,91.95809862006158,15.962949236251264,9.65559432496637,1.284453311942626,41.675574474800825,23.963012167535606,21.703500397375226,31.22477395251816,35.323173294886736
KWT,2011,,0.0,89.73075088546383,5.354758724871372,11.088250654691949,0.17728817689554013,18.47292642604817,26.95601444279262,16.278157572212145,27.268238716073895,43.643260382962765
LBN,2011,,81.63431564782033,78.12041734250097,19.182576516889014,11.367776628773548,1.284453311942626,61.80943978452154,40.50479938571026,41.316013371462645,42.50377028995918,71.39455791990088
LBY,2011,,52.2135474551916,0.0,100.0,33.6884138699757,0.27950714123181686,65.65531381906459,66.72363319048878,61.39998494621397,77.48390515684339,85.33490571741326
LKA,2011,100.0,71.5377210122217,95.82085314156394,6.868572474776738,15.061323410928892,0.6244457946950631,44.64559249178078,30.402282701754885,34.69444291357114,33.99158730376831,49.52621497610483
MAR,2011,49.054639018209464,72.19185665143642,93.9214128110638,11.832022190411607,2.7659350318091773,0.12348640892585137,38.54167159954561,30.73775381699318,37.62865066948144,37.5614502757916,58.98332281837043
MDV,2011,66.93558719965095,81.61531621151074,98.23950852294708,6.594040889539467,24.70456666011461,5.487926564485955,33.04431508694433,31.84747443835872,40.18404463493512,43.36294652856898,59.89043574622689
NPL,2011,,59.819399819139896,91.66849322292276,15.150897160252208,20.373893308664208,1.5932296460716613,63.73684123615095,50.569809081987984,53.790391070954335,59.765718152520996,70.25796392857981
OMN,2011,,45.28866917787595,93.7986387666008,15.982967283105612,9.401102647680466,1.284453311942626,18.7850246162212,26.206302926408103,18.199806751540322,14.316503811893561,42.10879536933837
PAK,2011,,63.1191031965898,94.94053492237961,16.32149814071684,26.064668163850325,1.6873444026686957,92.56641622077323,50.74004653290953,60.756473886199814,57.25063897871211,84.12158687505023
PSE,2011,,88.34427451278307,98.89796284561311,5.398675614483958,6.935726048353076,,72.49090876033416,48.798014033661424,48.798400610287956,34.498621681969034,57.28907067406483
QAT,2011,,17.072239718803033,96.16307536408704,0.0,3.255734967453465,1.284453311942626,0.0,0.0,6.806225944461944,11.823447480111696,0.0
SAU,2011,,27.40450756429766,58.95631080869068,1.9927177295539313,13.17664554928371,1.284453311942626,38.31637653895701,30.457324354407767,30.468590293812593,25.895487447583204,48.418231878759514
SDN,2011,,68.67607865235139,100.0,25.623354786441,39.14452955275172,5.953736507959989,83.82172413142459,73.25779449293589,70.0922964961103,74.16729457020871,92.86330500813338
SOM,2011,,,,9.985891878055101,,0.04043995014186096,100.0,100.0,100.0,100.0,100.0
SSD,2011,,,,27.875227325479973,100.0,,63.915857815605136,82.87781306525248,67.43353565062178,82.58303898684451,84.70849250995602
SYR,2011,,,,16.053025984642446,10.905741523072779,100.0,77.55593283576869,52.30180442672056,55.98552349020161,59.207620791904915,80.17615704304542
TUN,2011,23.299569778205132,71.85903645094469,96.01304114536104,23.781657079576213,7.703488626801266,0.7918253796936889,35.93527617893885,22.43494995060449,38.18954052285285,43.28980480112079,40.66125483931311
TUR,2011,15.903762722260556,74.41546839903587,95.11998963146951,3.2219777365076063,14.543064621597088,4.703791221654174,43.284797566793706,13.040101775504242,28.755718194718366,24.041899714774036,38.89451702179264
YEM,2011,,64.05991603255796,94.9544532613666,40.619214602486764,42.20670250611057,0.4971765166666361,86.54575537309212,67.03295548540518,66.89995644082545,55.00156690240768,80.70639212537154
AFG,2012,,100.0,78.95512425481527,55.73327114533985,12.88113343929434,57.42100697441488,90.14868722852852,79.50838092689037,85.04834754815616,74.21326829379352,99.26149703180619
ARE,2012,,,,61.80437130146213,0.0,42.247746409119344,8.493417423454344,0.0,15.698374653282201,10.785425693835315,2.2423148781745335
BGD,2012,,61.022895850530986,90.91928717457479,60.421316627518905,12.38249212571945,59.91557567580648,64.21009180364645,52.20832555355307,56.48909735435993,64.92063144429872,80.93993672235851
BHR,2012,0.0,52.424286005010735,94.83326488934323,62.46665022488324,4.66999181521288,42.247746409119344,54.23151575374233,26.5566198383996,27.92523510481114,11.33802792503155,33.33858472302646
BTN,2012,100.0,90.51655023206342,79.25201808633645,61.44204507394841,22.863482708544346,66.88421943574218,9.128316894242866,14.799916338980983,21.588816012760024,62.79045473853583,12.039040820303438
DJI,2012,,79.05597746655262,90.50443463656023,,6.840598230732003,42.247746409119344,25.969508049844375,58.081489358462626,52.95913588424236,56.67598754889504,60.6181067488807
DZA,2012,,56.26791777081064,15.414579693927417,63.52228254008892,18.342657973406673,52.95956374755409,60.2144650214289,51.361336268414036,51.28822961838648,68.3074568418901,60.55270502184729
EGY,2012,,67.23317290706105,94.29947916112216,63.65304898261092,14.375699616793506,45.777111578207546,68.52615300554989,43.38897645871881,42.94584212945557,48.211220867293676,58.36220528135079
ERI,2012,,,,,,42.247746409119344,51.73826578912827,73.67698031802405,72.62872300296901,94.69746294568833,72.27668741625139
ETH,2012,,73.69444360482673,95.65698205146457,58.82145888811151,51.128607561615965,50.34723162535969,67.48021774990512,43.38534153168581,49.48179462280172,63.69782400150065,62.79072752175263
IND,2012,47.985633623076225,70.74780283290032,85.83097322911686,61.222671135231344,19.652284540622432,66.88421943574218,56.03604054501968,27.99530087916191,30.034137891168506,47.31722106304087,58.99922416332315
IRN,2012,,,,68.14738495901904,59.27862826572871,67.2039862348272,59.422818932680855,49.38960311501066,56.331193335331484,74.73015161250768,76.10750667796377
IRQ,2012,,44.734238012841146,68.01327618789324,54.84232754328168,12.096274073849774,41.69103489946748,77.31455713862793,68.18570502438911,72.1173644209034,67.4892008058053,86.24976194056569
ISR,2012,,64.17241820771154,78.75368744693844,63.51480549828501,2.2585517071225367,55.43954437648267,47.45555787780094,,0.0,0.0,14.187536573451471
JOR,2012,75.48214786286309,82.68119057473434,89.54535496582459,63.51877851136417,8.58816096187824,42.247746409119344,42.875714383072435,25.20343971798864,20.58173272579004,30.012776772851474,37.092950453191726
KWT,2012,,0.0,79.34873963737522,60.342754473551395,5.779463596780927,44.683802019671475,26.268607046110137,30.845686288808416,15.478263672591156,30.361137476764306,45.99544280623428
LBN,2012,,96.58987211751234,54.40193064382931,63.39829432512107,13.193773479387552,42.247746409119344,67.21668521110942,43.56442419342043,43.27455338532021,44.05287067210948,74.66169891618874
LBY,2012,,27.621251778648343,0.0,0.0,12.030981775662642,47.453911619087926,66.53862774948276,66.72736204145708,57.099794906096,76.84566583925742,80.95414363880593
LKA,2012,99.14805652389356,71.70967291413052,91.32159194680713,58.83321901973624,15.336799530422827,68.43218797720326,51.684494488447875,34.560366954538566,30.263910012841226,33.51182890854362,52.09274118192562
MAR,2012,,76.27902324622525,90.25210509191554,63.023938313229024,1.3927841223054107,53.55974877519056,42.477957599579895,34.55218356060977,36.36964263076868,34.138959221356785,59.48364971084559
MDV,2012,,72.69283032752746,96.72795139531729,63.53034221334046,22.78555480358336,51.12447392640311,36.44549274096096,32.69413643637716,41.79581300965464,43.642664621591116,66.24468737974479
NPL,2012,,60.00123996677084,81.60353447163331,61.814238592214124,19.609516911071854,67.97133510660082,64.87476640579817,60.842177975194986,45.783226560729894,59.872578108015574,76.5463025332376
OMN,2012,,51.12710894489898,89.64769453038373,58.65946020501952,5.094251415812737,42.247746409119344,18.951219526670123,30.384540982279727,16.00699495122472,10.370183669512425,42.069103867639605
PAK,2012,,65.04409967443593,92.76551496788089,63.05009140137945,20.105558052323676,56.12524704330092,94.61166067438337,48.361668828978125,58.83603862844653,58.97592420946039,85.3961740364021
PSE,2012,,84.64390634125358,97.37264463200115,60.74108626606925,4.718340519294837,,76.80160934572655,51.71172528413894,48.974834231000145,43.77571269856059,56.439658323837705
QAT,2012,,17.208970542700296,87.00522328539402,61.84727263206611,3.6846765926416105,42.247746409119344,0.0,3.1496097822489584,3.9841993697477047,7.859255791957612,0.0
SAU,2012,,31.69958236213382,10.041519994776364,60.99305044159884,4.912668571419707,42.247746409119344,42.553403098947996,33.676364880642815,27.641540984531325,29.228711534347383,45.34964665241911
SDN,2012,,87.04792458863915,100.0,78.12227747376981,77.78414127736735,100.0,85.8574777889538,74.96253284536414,70.38202575250432,78.67034329874596,97.09120070298034
SOM,2012,,,,60.29123264934363,,0.0,100.0,100.0,100.0,100.0,100.0
SSD,2012,,,,100.0,100.0,40.03348807392201,66.05435715934021,78.7523353364431,61.740022012647835,79.19507135306716,88.78497102894227
SYR,2012,,,,85.14529723680717,80.3323923858976,99.35091602015245,87.77009414589415,64.46137930094969,67.64685662674614,79.09656671557873,83.60014171978484
TUN,2012,22.010659425141313,74.75846893808622,91.35780094380756,62.15542335011356,8.803513035809628,60.84846749210639,45.300094055883775,25.69870974514642,31.26114928833934,41.135584871439754,42.76956367261875
TUR,2012,6.664239623315245,70.34976159459339,86.76032940851269,61.71079550295826,18.34292334315335,54.52746175142921,50.64223135887854,14.616971166598416,29.405788687879436,20.01485612272334,35.2508285466542
YEM,2012,,65.05645305598078,88.43385440249834,63.52755667014094,20.558119044608606,42.68419786241528,86.98419487263385,68.15271181102867,68.393550932686,59.43116634266919,85.44591428691012
AFG,2013,,92.2702473365296,77.37425343286087,19.094569118604852,18.567912151067414,27.93187220236747,96.18833582061183,78.91606650671352,80.36690363064623,72.46442605977413,97.5670453509405
ARE,2013,0.0,,,20.824962877088755,2.8915225760215137,17.353260859133997,8.251124740248267,0.0,14.458895180192044,6.503663147600486,0.7721361992928211
BGD,2013,,54.53211725248093,87.26158874410591,18.047495529862903,18.928687611277585,11.801772190504177,72.7978291053149,51.47546148053621,55.924591590288706,61.87764958937547,81.58920491048875
BHR,2013,46.43561563860032,46.39053839752589,94.81625696938549,19.876010905032057,8.376424322008734,17.353260859133997,61.216214396517955,24.708240515740048,28.016292949573153,11.13393511002551,32.73097195535759
BTN,2013,100.0,90.85970160545533,75.55880663753628,28.89524208951177,22.03664285243898,29.027573472667356,8.540179731727937,11.508468022941527,19.029812272624138,61.14747036539717,13.665210603159666
DJI,2013,,100.0,97.0136343049176,,6.894807472513318,17.353260859133997,36.26215206239129,55.93258129424109,54.83720051173163,56.639779351886766,63.5603765829143
DZA,2013,,55.742542407832104,12.34422019484903,26.704879804694027,8.262249864090034,20.210187218557426,61.8591959029985,48.088387605010944,48.16521750341336,58.55203554065829,59.12514319233948
EGY,2013,,58.20857753214328,93.12053967843836,27.756196223103558,23.766095556873466,33.60690231880714,74.41003646484103,53.74266715316322,50.38056322572106,53.887239958190435,60.13918387562447
ERI,2013,,,,,,17.353260859133997,53.64443634187904,75.60184754575788,74.47040200008057,93.51385872452437,76.71536588682406
ETH,2013,10.247195619233809,65.48537210306064,95.16088216821656,6.460719777388057,18.76309869241141,23.647634687629836,62.681165603906564,46.64041112398954,51.85453559247246,66.69718062013598,61.5746059915404
IND,2013,55.66358647319094,60.219212470471405,84.25646196953454,17.10278123229428,25.13341817446493,29.027573472667356,56.940219626916075,27.936385960756642,29.872385230694615,45.279148256624836,58.193919754438696
IRN,2013,,,,37.15879907170484,91.44722275154457,79.29646388324598,58.17292565752821,50.35262609337436,62.29136468787683,76.66381871103842,73.93791659417543
IRQ,2013,,46.76703186579034,66.05822970183117,13.952439177835881,4.833106577017646,17.335984103337978,81.50212636128825,66.51446972735762,72.91622693175246,65.28460444974978,86.21986332088255
ISR,2013,,53.29916732655662,75.14763145256781,22.925681598850574,4.110395058444847,9.667238442333785,50.55738766348576,,0.0,0.0,14.9300319585309
JOR,2013,74.89196532553044,69.56922727456026,82.83477464269816,26.392650299956184,12.179403322375332,17.353260859133997,45.61234460384233,26.122095950998602,21.89314858195867,30.468298790371485,37.41099175521231
KWT,2013,,0.0,78.66785431531713,30.383639331741445,6.835601610648501,18.93112889158749,25.637288986546835,31.527298787463142,16.70601466465634,29.831023370533536,46.016966564136766
LBN,2013,,92.58358082675016,57.021558614568,23.590819840297474,12.170414581740038,17.353260859133997,69.22656310485797,45.540683903563426,46.091368132069775,41.01678149185212,75.99506180506785
LBY,2013,,56.456483370592224,15.271929948320729,78.94420868869466,6.644833465305916,18.31449082268458,75.83806966122843,68.872235877493,68.58265616346524,80.55456424625314,87.47829339544963
LKA,2013,76.36654509018528,61.14602267268086,90.11658060783338,23.023046837849094,17.377285353035298,18.74177523149928,49.345144019930146,33.981975126500224,36.74797136570939,34.57503717685479,52.60281100085826
MAR,2013,,66.0671822459485,88.25092615836873,22.844333781605282,4.835991739902953,14.229837530578795,45.54403690056383,35.3674110407951,39.522513041479925,32.612310901027705,56.74102175701166
MDV,2013,,61.946858944777304,96.16598149370681,15.609359905570875,9.637634943603437,17.368010490420783,28.303947064877384,34.87149480513057,49.23574316671654,42.84127498858584,68.45165958485812
NPL,2013,,49.069992084793036,77.4274073927611,24.358561185988727,22.69461275745165,28.500067814071688,59.09267305799483,58.981298621074274,45.81281825355487,59.216414542720926,74.84589321038253
OMN,2013,,48.15203371791941,89.4986140065186,20.040652512676665,2.7728639440089595,17.353260859133997,19.742361581613444,32.48409142426481,17.24815042355071,10.39965201586012,43.91507884281164
PAK,2013,,58.89101083824004,95.85703901575972,22.22386142525525,19.332154802852372,28.010498960739135,95.71109483102961,48.62409494586887,58.37623244678961,57.106962130087226,81.52584154699764
PSE,2013,,77.38346714933282,97.27823941797173,21.382611338516142,4.446229683397784,,73.6822054096526,51.49104942416488,50.218293506270996,42.241325245211506,53.455265359031166
QAT,2013,,13.412102526615472,82.52968585939533,22.06196202526114,8.181776930724514,17.353260859133997,0.0,0.769026195926293,3.3833445197464034,8.052256307828868,0.0
SAU,2013,,30.536744868828,0.0,25.828293478807083,8.902817197704707,17.353260859133997,44.240974138448934,35.82987958958587,28.33124182603196,26.7554477598972,45.152474053101436
SDN,2013,,75.62801712903095,100.0,28.3403237541868,91.24594874685634,57.405358355384394,85.24199593912023,74.39544957907518,71.6460679296879,78.84734823542303,95.78519667349964
SOM,2013,,,,5.50452228205633,,0.0,100.0,100.0,100.0,100.0,100.0
SSD,2013,,,,0.0,0.0,17.353260859133997,80.88833336329952,84.1648487025507,68.07707708100752,81.13850739264863,91.85641291119545
SYR,2013,,,,100.0,100.0,100.0,89.05181396436572,68.35235561706547,75.98788744736052,79.42608412675327,84.47164773954259
TUN,2013,,67.75075184431742,91.95625443479607,27.136198810696634,13.405676815980568,22.21120174810542,51.32498964644804,31.465066581349365,32.47611781452539,40.929863625838166,44.00538625810111
TUR,2013,34.402493303569,63.73111251767709,85.76996982000168,11.771431791817196,18.835606618707168,24.606875880272824,53.474123550366414,18.436893623014424,29.945285253842435,19.108722976014818,36.343740025809
YEM,2013,,61.834540916286095,88.7696546223248,21.065722536530146,27.504496656479322,17.658272012027748,89.40296871222658,65.46044910143087,67.4700983607713,58.17726049437777,84.15811341017616
AFG,2014,,73.7731149310137,68.45750653892523,22.621267298042774,11.6050004611758,10.047267884402073,94.62982048260307,77.52424586449432,81.81639407150631,72.56874322068681,93.36709357911805
ARE,2014,,,,16.890464374681148,5.22142724264532,2.131561894192694,6.973048587991358,0.0,19.168110512612262,2.8724649961706863,3.7056212072752572
BGD,2014,,49.34421518858745,83.82998678529098,12.601789642308681,17.960917827956912,0.7454720613408473,60.35502564219467,50.96000514625834,54.834135493415495,62.39150606593156,80.1748367181461
BHR,2014,28.573519505356636,43.401166989410726,93.18381122051463,17.863611595551678,6.0476717757707865,2.131561894192694,60.0881741341764,26.568897292588154,30.810249206649647,15.728683851840186,37.66431861171371
BTN,2014,100.0,85.37207261586268,65.15413526978298,13.142246811766354,21.469612356004184,11.859128488021701,0.0,21.799369549029937,18.23529318671413,59.7920697832389,0.0
DJI,2014,,13.99439768469647,96.13758472568954,9.202637181567276,2.46694460703885,2.131561894192694,41.79334158739448,55.04812847042431,61.469848888359955,57.52049962396798,64.38965124067526
DZA,2014,,55.84626233641379,15.956560458275984,18.490803949640707,6.786403813421287,5.707091821444423,63.02537963304158,43.40353481474371,55.93444738946112,67.12609784402927,63.71052282169509
EGY,2014,,52.939547898521035,93.94511503142981,22.046592219197514,26.403624291553307,9.203997021936715,72.4873965252314,51.12140064035907,54.77506072382419,55.166260336449845,57.38129908452609
ERI,2014,,,,,,2.131561894192694,50.07355914684774,71.18032117949312,81.98011575666916,95.77974749092819,78.20303455391108
ETH,2014,0.0,65.64362980448342,93.68021377048987,0.0,17.68223625442806,14.202433207508674,63.12549417323746,46.481659175197684,51.58887518017741,63.62462145587485,57.559081430116585
IND,2014,39.55035589911105,52.02177155204561,80.77576550380975,8.550269700132802,17.06694240293493,11.859128488021701,53.30327385400366,30.068867817158978,34.766324849195385,46.757413344027164,53.07465129114553
IRN,2014,,,,15.833845602258867,44.328915328394,97.95176248161816,51.92425679310193,43.50210945964488,67.7698008410495,77.2925143659804,67.33380693017973
IRQ,2014,,39.54172989557062,66.586722884907,24.00520438957572,4.918954745815695,2.131561894192694,92.93969564505153,63.64895287286468,75.83347840371516,68.65423451175478,86.22769523675878
ISR,2014,,44.77940981150972,70.73241505862781,19.637507922571924,0.06923806486864141,0.0,47.904659228363705,,0.0,0.0,12.150614385320681
JOR,2014,75.27689542998559,59.69950343242528,78.590878651405,20.824496878548214,6.7385546706936195,2.131561894192694,47.81968305776241,25.981977283868808,25.452432846128964,30.80756322672346,34.46944576816112
KWT,2014,,0.0,76.48025809248477,29.298771024687287,6.7644640397061,2.939721151125335,29.28030259547007,31.09720704791406,28.000947019452514,35.5603908884765,48.190020287629615
LBN,2014,,89.53317159476597,50.27695094012935,23.343432761775603,3.8730837890297827,2.131561894192694,72.33071371985676,45.34767748920714,51.41529714950943,45.71161928032316,77.69284383353401
LBY,2014,,100.0,14.450752239163881,100.0,5.459119126138725,2.26248260547365,93.19925951746441,77.04442134526775,78.4880543244795,94.72859216604543,90.56150167282415
LKA,2014,71.74040207584675,53.63266885194315,88.80404938362932,11.650087857320203,7.505120822742188,4.847942147691193,46.000314899849826,29.437264144723585,38.7363209180518,33.55238653186629,54.55784847362075
MAR,2014,,58.34892107530111,86.84423777381957,22.637180914992623,0.0,2.154786240682804,42.07369929577883,40.12922222651586,40.4690879810191,31.918793793457194,53.48688384027936
MDV,2014,,54.80554668978102,93.47677197636406,7.197552630719804,4.600911569993108,2.3402978704798683,18.29933189328856,39.63143500032879,44.992580836909454,43.47953382852946,58.70112088430093
NPL,2014,,46.71314598627559,75.26474214796424,12.750666733941667,21.724913221604847,13.389415602981858,54.182825368719264,55.561550116395765,48.301198397410126,58.34668769479474,68.92460457263307
OMN,2014,,43.025393044405476,87.01188785165779,26.92240308386722,1.567846558097634,2.131561894192694,16.122728136045875,31.53451315329228,21.83772416539163,10.679103737650385,38.097695725931985
PAK,2014,,52.03437729297779,91.37488460224533,18.441470539594356,18.503215249688978,0.9118297339972998,98.22342459897739,50.584295680114856,59.03320455303657,57.14343902370865,73.87248574321256
PSE,2014,,70.47940887026529,97.31185719688796,31.277075557134538,3.5395548199799136,,77.30123211911005,47.69827217351014,52.902760219865506,37.46626227017509,53.805146426907314
QAT,2014,,13.894865559980232,81.2955404634915,18.433401220065846,7.97330044222294,2.131561894192694,1.410477122781616,10.76831102758897,11.155243455532183,13.99857891765378,8.211061794576757
SAU,2014,,35.13617136042607,0.0,18.717013375962004,4.935078470844347,2.131561894192694,39.603185384990915,34.57299084476866,39.25621623948451,29.00560030253464,44.724591598601826
SDN,2014,,60.79383856932395,100.0,16.804994620548555,100.0,50.43112532558727,91.85931930817571,73.64159531377004,73.91731811181033,80.61437584523338,91.69315413735009
SOM,2014,,,,3.842268998945192,,13.644813455791574,97.98150991648897,100.0,100.0,100.0,100.0
SSD,2014,,58.53221457868846,97.7291334757576,20.672020178561247,3.3786138866868223,2.131561894192694,99.51819452486657,87.75780310144441,82.37366690869682,87.73112724504,98.95716106172752
SYR,2014,,,,61.764713586016974,28.753588345360754,100.0,93.7927216895215,65.00488840196351,82.41422542228142,85.6268891997267,92.60368689780253
TUN,2014,,63.38268927956363,91.2336821899958,21.522824696046367,11.472144499219421,12.666727201646824,47.88810087154029,31.92428101190565,32.658782434308435,45.248977886949746,40.04578393042701
TUR,2014,7.205071811617378,55.13831332407159,84.17556836020945,16.986930134020795,23.0698384685335,37.19608358838985,52.87882824612481,19.49038370201265,39.95557997661571,21.860355730123228,43.231748598003456
YEM,2014,,55.19149789883001,91.35457326044806,31.36963806323303,21.01345399305545,2.131561894192694,100.0,73.47268580196466,73.15236884635179,62.01181547273269,91.34921525110785
AFG,2015,,94.22247578386832,77.7392795817901,23.431197707199694,5.462992298716211,12.801277752281145,98.39069591485045,79.30445404826806,83.17284287294545,70.07970570395867,91.12573296413892
ARE,2015,,,,8.77485296629843,13.835345521383886,0.1697024820754555,4.274263373986594,0.0,21.79724151137842,0.30938142811800584,5.583285201837032
BGD,2015,,51.60800639582921,84.56466655607866,10.166095247076983,17.59416400632925,0.9000292002269157,65.94115030351996,52.113486187369695,56.777028828509415,60.548509588090646,75.72863072271893
BHR,2015,62.18290150176895,58.273890367156625,96.66575126954815,20.68380532140077,9.904849257057217,0.1697024820754555,55.45183804820759,27.51071324355374,31.7863847398019,13.6792481864944,36.70954253393859
BTN,2015,100.0,100.0,78.12028686701201,9.884840449285894,14.681446277965774,9.665953269757372,0.0,24.038402035098432,15.366643919204442,48.087130971871076,0.0
DJI,2015,,0.0,97.0905650280602,8.199350621818525,5.70990279822194,0.1697024820754555,42.31572399836597,59.39651189142627,62.48746512930854,59.22626075749222,63.55100719065927
DZA,2015,,80.48119561472049,40.383859310711145,18.88404785503052,15.099567249836026,46.497502088900355,57.41671338737267,46.2687875273541,58.50884327010956,65.2445283117735,60.175124841398016
EGY,2015,,63.63452715805139,94.39618632050265,15.83641758685551,24.983662306332295,16.262569298094885,70.73491897619095,50.89418059689359,55.85115865109101,57.3440154749111,56.58567501234128
ERI,2015,,,,,,0.1697024820754555,51.21131803709908,75.40414926155854,82.68883950848333,96.45750041864393,85.38584027962727
ETH,2015,1.0272974558143788,76.37884338043193,95.12892798309696,0.18130793089794908,23.565306051930563,9.561694785709268,63.66125648838772,50.59559721379288,55.02646217686068,64.89607450078779,56.135801039893366
IND,2015,42.06743748034004,55.99047306122606,81.84271851583183,6.412230206205017,15.316368812394032,9.665953269757372,49.16808758923201,21.395841896230184,35.82697960861813,46.76664668013377,50.04656401566328
IRN,2015,,,,30.910250848022763,28.72456900963183,22.133907100012024,50.847963783334905,43.48049864080956,60.94046372140155,71.70218813866876,64.59492820903527
IRQ,2015,0.0,57.069789156522845,75.3439145662627,20.426647821343472,9.099234280677843,0.3819485069373707,91.9662156500627,70.64883080027346,78.47870428069213,68.16808195414946,86.73818244364045
ISR,2015,,45.61827153453127,74.19310209507118,21.390763832218955,5.541495729054881,16.194692606063725,45.66983356983207,,0.0,0.0,8.04899902303079
JOR,2015,82.72235474962041,69.04387588558475,81.14180931635528,20.645464420943586,5.082313922660129,0.1697024820754555,45.953544063586484,26.96406270134227,27.96285384777269,30.30438926674256,28.606855541757508
KWT,2015,,40.292222112597244,84.23390944375247,25.663690552541073,12.422875019684223,10.791530832189617,31.607993861705346,29.270609825625726,31.710555723422416,35.84772755646248,46.559337823075865
LBN,2015,,85.40977526504861,60.38193525314745,26.002902986318034,0.0,0.1697024820754555,67.78913304762742,47.76083579744076,56.30321863852865,45.85089204699607,73.11616064806819
LBY,2015,,89.21797677839062,0.0,29.396267155082562,25.039935415463273,16.04182517869103,91.1990338407781,85.76888328802299,85.49937825053064,98.79416022865138,94.00610867589288
LKA,2015,85.95212699873748,58.090752847978756,92.3352920629853,16.26823689108154,13.301689475080888,7.693068039189884,30.166353530075764,30.03893568291735,34.17302598349221,33.634800115468394,49.88290638464387
MAR,2015,,57.62164537441924,85.89516035562629,15.907760361823954,9.39044093463759,30.154151687398233,40.61029901478918,41.34717738464284,42.43409216406779,32.15925736588439,49.817269011519286
MDV,2015,,67.43219330646664,95.37725745436065,17.146678900192132,8.320467714831832,0.0,26.35673126726764,43.04558884783891,50.251079541369904,46.23384748544532,58.46329891694116
NPL,2015,,35.61205490029735,71.32192129478703,16.866057291409433,20.557297035448673,9.397933308632995,56.45386946223388,64.72275204600443,50.931639371265355,59.22070829978788,67.02712746661177
OMN,2015,,79.30872713674893,88.08982833358732,14.159106889841262,6.749364374965398,0.1697024820754555,10.671974320528793,34.2223709502927,24.13254718203307,15.277822540105774,38.00378247839214
PAK,2015,,55.746350145059665,90.1449110875467,16.23706778402073,11.109299437748966,3.2341475699069484,96.97572271766228,50.30178838515642,58.992958476778725,56.77321082782913,72.36254337018599
PSE,2015,,79.48779770889419,98.33434328288571,17.528499395842502,9.166970011201455,,77.62784102198336,50.93881998533847,58.258360220510575,38.875508942408324,53.97241416830988
QAT,2015,,38.439315816471066,85.72781862490336,14.8448444520586,9.843715233209275,0.1697024820754555,0.5318326392782281,9.72568656984925,15.505517766352057,13.583076083664395,8.363503821103084
SAU,2015,,68.59189900030442,31.869307449187012,15.100255004878127,8.79730441055839,0.1697024820754555,40.539860312468996,35.67033995846198,39.72807307123609,29.33223252202951,42.95931980056304
SDN,2015,,73.39495031520401,100.0,22.238006872524487,36.55408648551791,9.51559854611764,86.0752739263945,76.33900343126922,77.22043285046702,82.95496180278421,90.33489329287686
SOM,2015,,,,0.0,,18.732577397984826,92.95717431353488,100.0,100.0,100.0,98.82333516159214
SSD,2015,,61.678868448315285,98.66280039728818,55.27134088932767,100.0,41.328793375472806,93.11879219197657,96.27915735643523,84.27117994708993,89.20658725400033,100.0
SYR,2015,,,,38.073644077068245,74.68801723712528,100.0,95.38928793556697,74.39980046316175,83.22135443025311,83.8110409311462,91.82435135296424
TUN,2015,,69.75245358822927,91.573330437697,24.688403923227515,14.485442128130192,29.027719953324848,47.27823219293937,32.95658084869294,33.262130234906536,49.76122380081986,38.828382730412095
TUR,2015,3.2674204884775597,58.55786238881557,87.73878686467283,12.108709522678868,20.206852656963214,45.243067974194105,58.62809954700784,24.00557023366622,45.33889213956192,29.222398658571674,42.589854773270254
YEM,2015,,67.10845497193843,95.562880836627,100.0,,13.940601677538536,100.0,81.69877030361314,79.5304404352327,68.73551219686192,89.99572000465885
AFG,2016,,61.252333440112736,83.34449640433921,49.76604598132137,1.3570070939311694,1.0173629249789948,95.75675318283488,78.79261070405337,79.87508466044902,79.69810838660118,92.2688889289507
ARE,2016,,,,35.09756142136028,0.6305029527615522,0.09938394157578427,10.385630469322322,0.0,17.90346856320541,7.1020421388251265,2.132568557186744
BGD,2016,,9.529685087969737,89.39834106066513,28.81336523865515,1.6536679044761193,0.1552098179017234,65.2888668601034,49.72944001066155,57.2484830878303,60.842086708696165,75.48150074071314
BHR,2016,65.67659063766193,25.60878268219446,98.50949942938321,43.05399294243231,0.937582196086306,0.09938394157578427,54.2169455347787,28.90396991834887,31.585694666790893,22.31194547788377,42.624792802755735
BTN,2016,100.0,100.0,86.7711735146731,22.93116181970832,1.0513198052258725,0.4954691448005403,0.0,22.559505964534114,14.004296231968624,48.227487920328585,0.0
DJI,2016,,14.098177600817428,97.93477208782822,28.77039005914272,0.8366679018757601,0.09938394157578427,48.879096864958264,59.47838549486446,61.208965938789625,59.48199943903531,63.57398795559421
DZA,2016,,59.71800682788797,67.9365307926442,42.686991376811115,1.8858655611177186,0.8250561898883624,58.78374719535216,50.54149185127369,56.86389018115515,65.47087484266689,61.45771884167275
EGY,2016,,31.55491028611126,94.72742258951442,40.758686931096406,3.8334085129965056,2.6331929940542835,70.22105725780217,48.036781767382855,54.89284145812694,59.92407911851748,54.87157685901172
ERI,2016,,,,,,0.08580803601189624,50.131418166055475,76.19660136261376,81.37451519345989,96.27442409449867,85.24588871995658
ETH,2016,0.0,49.741610105036536,97.74332210505544,18.797154699954195,1.9463826017302792,0.5679098916145287,67.80048890889722,49.96807942376315,53.52861030987158,67.13714763267798,54.256852099582396
IND,2016,29.434970261464414,12.501113816326786,88.2141921743417,23.87940972366729,1.5052081603192864,0.4954691448005403,48.536684145144136,22.156126991045184,32.877664662926236,45.81077791529565,49.21446931918149
IRN,2016,,,,21.466970576071834,2.108493884528905,0.6471499126505764,47.09204298964728,43.841823053706506,59.671136883059994,70.74343574792702,61.72701310892618
IRQ,2016,0.7432760294109272,6.342113498893791,83.36476306371179,0.0,0.3518752712632762,0.2042851421922569,89.18205565560469,71.95443296926905,78.56207841266678,67.18900449532556,86.77878049926355
ISR,2016,,0.0,84.14301875552069,39.94108968391561,0.06517923970594741,0.0,39.10696777407665,,0.0,0.0,1.9945052713089564
JOR,2016,61.04132975948813,40.51909604116667,88.62098165215353,50.40779947752701,0.0012944805876614705,0.09938394157578427,43.34755919259302,27.527639204006398,25.716189806207602,33.91414948852772,32.72986721957373
KWT,2016,,8.734103014709717,89.48126930711466,46.8917373735223,1.0456763992798885,0.13505654015469135,29.98514126627217,36.26142087258605,32.38312517468848,38.469673879378156,51.11780391333431
LBN,2016,,79.93784890561098,73.24755847513048,52.81306116208086,0.0,0.09938394157578427,65.02874743134302,47.627343991584915,56.18137620491448,48.69192324516016,75.71282498304525
LBY,2016,,42.582404075839094,0.0,65.9614300534598,6.995385210708911,0.15474746783671417,90.18900795991178,87.46513316485589,82.23950353826032,99.86139977249336,93.57186689710248
LKA,2016,,17.409642470675703,96.28621874725746,37.70641912281308,1.2453940360167142,0.6970255662908144,33.15414963532391,33.59328638749173,32.56952775707827,38.21722783374215,48.00304423135847
MAR,2016,,23.379649792792627,91.21273171798242,57.27442778712675,0.6351835862959754,0.136261102962318,41.852470811005006,40.17456969503181,38.96601474955932,36.3519023824769,49.75146139441856
MDV,2016,,89.85193114056871,98.04083456079651,32.000392748659735,0.3376908167812869,0.10051217102757815,27.904942611433476,38.53903471064865,48.037547151355135,45.29398747707935,65.2534698720908
NPL,2016,,13.030010192102589,85.55080856122763,57.65466221266168,2.5142152672207816,0.5053002304673956,53.984596815955065,60.83669097000216,48.532074237970704,58.30258027348953,68.06365083108727
OMN,2016,,66.86549487533968,90.10001917185004,37.7375079310325,0.49702007562267325,0.09938394157578427,16.097435748645257,32.9129016329863,22.936570818145867,17.12024440183224,40.29424638446792
PAK,2016,,18.466994469144986,93.71668790900269,31.143165570094173,1.1945069611666306,0.2618553986402038,91.67113222000017,49.223805143112905,57.737072897820404,57.09487419034629,72.41279484987653
PSE,2016,,57.72863575749725,99.62250036776405,21.253124124912166,0.14818232446994853,,74.79059988878345,53.40053302948217,54.4949664140818,40.32530880133673,49.13125049741376
QAT,2016,,29.13939930028698,92.64744489033862,46.29544569204081,0.9086413581591624,0.09938394157578427,6.987348616538639,9.75752274076513,12.596265654528944,16.82491000681709,10.41959921634144
SAU,2016,,23.942646485301875,54.8706933326675,52.16762995211048,0.7449993304586351,0.09938394157578427,42.34029134242435,31.510331225410305,35.904516190240265,33.1713650468038,35.6559775037242
SDN,2016,,44.125438552169925,100.0,44.55362008923577,4.867238327459203,0.35707702334286967,87.06406904678275,76.75692871208365,75.63944701786718,80.90455243344617,89.9891890619405
SOM,2016,,,,29.1527311235314,,0.40235415000018676,90.26465072081504,99.13311357980767,100.0,100.0,98.32717450689957
SSD,2016,,30.210718112911188,99.77750948553769,,100.0,100.0,92.22340967894144,100.0,84.89825941682302,91.10489368448096,100.0
SYR,2016,,,,87.179970914739,12.73390044363053,7.96308721339576,98.90405039213927,83.05682539801555,87.38510710893539,86.36760324777136,93.34827465877628
TUN,2016,,39.54657435982133,95.6764342672708,54.7011021969053,1.1588646637855178,0.8927858847289524,51.78721031118304,34.850896019463626,32.5088280172488,52.603877745260874,41.639476406006246
TUR,2016,1.6899911605073918,19.320549194358573,92.51137445401658,45.17521586637367,2.2476042807174674,1.0206341457679597,76.42050657679137,27.863579233231356,46.1715959756116,34.065029955759215,43.298163764047786
YEM,2016,,36.825589326695514,98.5486233766961,100.0,,2.0186408328033765,100.0,86.07744068450678,79.73258072022111,74.01708928423479,93.8668499528182
AFG,2017,,87.41147052044066,79.53361755355456,79.45138559219271,3.0796045181955165,4.356681503741505,97.11486927030023,77.27563891031411,78.57516388404447,80.75942811176077,93.30608438117174
ARE,2017,,,,89.32364106838936,1.4848288930896882,4.198155873028249,9.60158959909768,0.0,18.285090501322653,5.580846176674056,11.721178626501635
BGD,2017,,33.16680774777627,88.7215583134408,68.9538640044878,3.4644326558403042,5.877225316226622,63.68718377883047,49.14581405597486,56.487371791427385,60.15542793282105,78.36466619252741
BHR,2017,72.42886727509213,40.42240780495678,98.23903945367096,73.31024824250134,1.1773838208843672,4.198155873028249,55.53466782224113,27.564096253393117,30.711936683329892,22.852871071978267,49.893128135355205
BTN,2017,100.0,93.49929720584798,83.38412590627708,80.94261115956087,3.068544989114355,2.1335698359874216,0.0,19.227687812392848,9.806051630426268,41.10151261973608,0.0
DJI,2017,,42.00818861278486,97.75865332706847,71.9678417516154,0.7484009927025908,4.198155873028249,49.32365293491552,60.07462525647915,59.831292630202796,58.13808956161238,69.14500634215926
DZA,2017,,63.89618950209434,67.14012771895007,82.50488224566485,3.405629158154947,5.13335861947766,52.51019614913395,51.895372241299775,55.83011142257034,66.20355461782553,62.358086963637774
EGY,2017,,36.88365596212183,90.51243376785527,75.36706490942119,16.08035444294607,55.96077800430332,66.59841560438667,46.43810628410831,51.399375563117864,57.68665980050982,58.18352500366224
ERI,2017,,,,,,2.9996474146163363,51.52067646342441,74.30370634768548,78.76150726399817,95.71880708410491,86.4857441190958
ETH,2017,0.7879975009433111,51.525380126247356,97.15363902850069,61.036785160927685,6.106405189615931,10.769193374659878,68.32317978391418,49.73251991270393,51.51312959234987,64.54806213288892,62.87380867824779
IND,2017,27.203562830281864,31.24921874497697,86.33466875906637,68.40776769653945,2.206315575749571,2.1335698359874216,43.447716291390414,22.346818073299286,30.387518146957564,44.16508131691357,52.303854552314775
IRN,2017,,,,78.4401632765317,4.7060978079579,9.200036353518835,47.460868294189325,42.115949885267526,56.83644899501107,70.82365889191966,67.15478647959718
IRQ,2017,9.500132654966894,1.129322662621079,80.21123135549038,91.34256164448806,0.5399987616476454,4.311351411170829,85.7983498156097,69.91506100045004,77.03923513552034,70.38860493592209,89.0771557016496
ISR,2017,,16.51878351100181,79.10515630113137,74.93386841347723,0.5748443651398709,0.0,40.40985152942564,,0.0,0.0,20.057821251996273
JOR,2017,59.36983819172714,57.564554750919285,87.04128404468283,79.82222126809147,2.204047846263886,4.198155873028249,40.822809460562105,28.447618531235786,24.165837488952786,32.54365728734279,39.7221319025447
KWT,2017,,6.0257209793140785,87.75883771045723,99.04276215249115,1.5934786549814302,4.466584291875446,28.936654899557716,34.91748544537438,30.858906475535086,37.66950931001124,57.69564569615545
LBN,2017,,100.0,68.15348361588566,84.09411109695186,2.7326801724060377,4.198155873028249,64.2775648373107,44.79312122084833,53.855322864787944,46.97530208754912,78.78479480983049
LBY,2017,,5.50118855115864,0.0,0.0,14.117844996913362,4.364219126523505,89.36507946884193,80.86841853470969,77.38743655958041,96.33043350368511,95.55919228908378
LKA,2017,,34.47880134610623,94.44921241622245,69.29879562576052,4.525487779462467,7.352685433768477,33.69928122623377,32.56804172038005,31.795878052445143,39.8898020528803,54.85970569007722
MAR,2017,,36.57999486014938,89.99487998568469,73.03321721670171,0.8424074782280059,3.4104586323886505,41.94215738814372,40.79610187683237,40.37498385661616,36.25789270751315,57.146378160108526
MDV,2017,,94.8236878706956,97.20924498169956,67.66490697771974,1.9356549523412474,4.2789510184379,30.518903748744396,44.176518387636904,48.851784624285564,44.837407427420736,72.2492192163209
NPL,2017,,38.06199761532449,84.29501018166674,62.599229480519334,1.9142260719058106,2.4089850814851355,44.27695819993957,56.0898121591289,43.14388245652142,58.554970514399805,69.5950325947318
OMN,2017,,70.2850534353626,91.84489291701793,85.68866255678238,1.2846389004155632,4.198155873028249,14.874217532578324,32.82505994786945,23.388029717753593,16.198611572953688,46.0002604954849
PAK,2017,,41.92722707308632,94.9230918516064,74.69778688095596,2.607616358777055,4.636218439909287,86.82836777547514,44.78319620985334,55.0175339879238,56.9334327722945,74.47271996954015
PSE,2017,,68.9774356206968,99.25844821830239,82.7195380310178,0.5551095613104372,,65.40609338476328,46.19895724033419,53.486273022624395,37.05570164999288,54.941043374997
QAT,2017,,13.84549209380469,95.98107863717146,90.48496102261403,0.6517290878949201,4.198155873028249,6.968874926932231,10.057825309039771,15.828069761555948,21.680494840946317,22.017940455229915
SAU,2017,,22.704716545081887,51.02907938988051,83.35116151129728,0.0,4.198155873028249,45.25810001436842,32.669947819187776,39.28881958877955,34.531466403541664,42.010122467235824
SDN,2017,,62.44676121168822,99.99406253869587,84.60996205455722,17.58815604215641,9.27766615905664,80.02050800388719,73.20754732694054,70.7830432906637,81.18952552139824,91.74219942522328
SOM,2017,,,,47.26918503565382,,4.303175033075703,81.77139158298492,97.08855736054073,100.0,100.0,99.11329710759433
SSD,2017,,0.0,100.0,,100.0,100.0,93.13028413508611,100.0,82.84379234549843,92.0692107891053,100.0
SYR,2017,,,,88.4237676089621,10.021977071506793,8.89787043398166,93.25695367892226,80.83737945327614,84.1319332659652,86.50602455908715,94.9938514944601
TUN,2017,,58.742434495050965,95.08066416003962,80.50130852006767,3.256033108708057,12.650404839514904,48.31428940864754,32.02690406666396,31.078860935608034,41.85554973724754,46.755691154803976
TUR,2017,0.0,39.67636833236451,92.11375693347821,65.66448979048452,6.348709813301594,18.108845215569655,73.33018160814076,24.325699303574737,46.937494794357384,33.874856025379685,48.193751169340494
YEM,2017,,,,100.0,,3.797363425184309,100.0,86.36381711580489,80.69321537556237,73.21272023815185,94.88116377138742
AFG,2018,,86.2302404254066,76.10752282659236,59.915384739631286,0.981230488735394,10.356446479596599,96.64488043816158,84.38332897351702,80.69518688896252,78.20024419251811,91.08828796559419
ARE,2018,,,,57.09017899739142,3.899489481137412,8.285096317946348,7.037378597431841,0.0,16.241737170181413,5.82249472676796,10.889411077021569
BGD,2018,,43.31010449908547,88.97983724980294,10.144933842615407,6.8565827207152115,9.593046841504965,56.357237941195116,52.03933627473485,55.308679695355714,61.45006209557285,77.63944187236676
BHR,2018,83.12171427334494,52.04821397691578,98.45886711060695,52.90583349695777,2.727441900619506,8.285096317946348,52.211685989937706,29.140910705004526,30.37102258301528,22.40763231704813,48.70594236014792
BTN,2018,100.0,79.41676871205698,84.58262014686396,41.13922537806868,3.4876809044227777,10.028280380016552,0.0,17.901004908068046,6.48601152516289,38.64344295416367,0.0
DJI,2018,,5.833918998172693,97.75961449110804,30.808169138791282,0.3989935374357915,8.285096317946348,37.58953617176138,60.943834635425006,58.6985112608858,60.48776885696688,69.32743637571811
DZA,2018,,57.66649533924166,68.6871071466371,58.20414569345448,5.334859468982659,10.044552098634165,45.05556112200545,46.836022082322856,54.713749088127095,69.92910344596255,60.899751476375855
EGY,2018,,44.91330119332622,88.62137485234055,26.28780640216158,17.439856643338004,8.255319449772838,61.636749139432965,48.34948752937878,49.16335953901843,59.35750072775809,58.992399501268
ERI,2018,,,,,,8.285096317946348,53.809132148167116,80.72594089306482,80.22605529506201,97.35039230438174,87.99292848533415
ETH,2018,7.447753306535899,50.675736304353805,95.55728780354917,14.230898666667317,16.760701374208114,13.471522740848876,60.442472994897024,51.44917518909552,51.213865993709604,63.60630863129229,58.186754815213895
IND,2018,27.89704643328742,43.79548150511561,86.55518867517276,17.172352909355617,4.939187971808647,10.028280380016552,46.16783743002199,19.935613365582544,27.29343712827751,42.8946498407748,50.68741070418119
IRN,2018,,,,100.0,21.7562218814857,16.270539029357252,54.616214077588474,45.87859210049026,57.37622461638037,77.6747563181489,73.00723290791197
IRQ,2018,0.0,4.937972876810708,74.50521059336607,48.18661357616061,0.672128870458876,8.24842235361717,85.90229627330811,71.15115471676674,73.34892303109825,73.79021909718927,89.34489297198337
ISR,2018,,33.05445107443683,77.56747708748095,36.660606840979995,1.194992040219501,8.198266533915612,37.844947088752825,,0.0,0.0,21.69672768478947
JOR,2018,,52.254060977314424,85.87667547105221,54.519504466341616,5.564642751043209,8.285096317946348,37.67883705833693,35.77054573750652,24.138710827976535,33.70474772266318,42.067668452369404
KWT,2018,,0.0,86.75594505220495,47.297759080735744,0.8820437069468832,8.125548980050187,22.55951850086084,32.717721503010836,28.748308236832436,36.06686448089308,52.80335002080898
LBN,2018,,92.34743002619187,66.32088065720383,84.87239468029458,7.493845699795997,8.285096317946348,61.10700749279109,52.74275312448445,51.77123651181182,50.066647804495844,81.52358337444467
LBY,2018,,5.850902210448945,0.0,5.095331849159327,15.96875581146361,7.565996782394861,89.27595814288341,83.12054077993737,75.98569741741879,100.0,90.53042525167031
LKA,2018,,44.98392187533305,94.63873972884835,50.81524839697049,2.7840371931062466,10.567974008489045,36.1278056545938,36.70980443068532,28.856267377193163,41.74658131856895,50.51301260515435
MAR,2018,,49.21309658027688,90.22941760136271,44.680944232491825,2.3884167279005015,7.188720925795438,39.987562785753525,44.231312567677975,37.620450325667335,40.028964725764446,59.01351369333794
MDV,2018,,100.0,96.54982423762404,0.0,0.07375969887176027,8.293830419287973,32.769388167810796,45.618560661475485,46.00442663346785,44.902887414188356,71.34718373058412
NPL,2018,,56.805746631093015,87.12218452703557,7.685198952657431,5.498072593844851,9.753630434785023,42.80260912526919,56.91116021171669,39.355523752913044,56.330690571391386,66.71082395647119
OMN,2018,,49.16297783412434,90.36284443896776,59.12073948874937,1.295655572464151,8.285096317946348,15.022955182982663,34.24629388511669,21.63221959015753,20.793466877953286,44.9477229940083
PAK,2018,,50.1492694997255,96.44517437056072,19.62547299494723,6.300330819343898,13.677114893741685,81.24061382510061,48.85965317186407,53.23490750177105,57.51037283729449,73.69240949983597
PSE,2018,,67.54656012068914,98.83128492369771,59.60808988449856,0.0,,68.13498779059948,54.5665716498238,54.8190950815648,39.78585343945828,53.58267063825901
QAT,2018,,18.301550322423886,90.91968443406535,59.544804365235535,0.5387589886346535,8.285096317946348,6.31286800503696,15.745370894053359,14.405854896005172,18.225357029961884,21.40647926737721
SAU,2018,,20.924121046913466,46.26395031551371,43.37128552168336,3.1793999742476666,8.285096317946348,43.50379830247571,31.887084746146048,35.484982294526354,35.14880652434932,39.69169617098797
SDN,2018,,70.46888878497758,,91.33687661922336,75.85443954886652,100.0,73.85524385009091,82.84174427781197,69.94117051644326,84.61756692678995,90.94970891226446
SOM,2018,,,,52.89181681576548,,,82.96220142834231,99.66486951925663,100.0,98.26405775670017,99.42132524853278
SSD,2018,,58.43914977423557,100.0,,100.0,16.763615826465415,90.4789404946856,100.0,86.64405639732357,96.40343597038911,100.0
SYR,2018,,,,58.25908444943623,1.3573921901160506,4.328312637023087,92.90068175815996,82.41260050266736,83.13215220339737,85.00836772054924,92.8211594358952
TUN,2018,,62.32943946110178,93.55261460450514,48.404860887896604,8.964158870814368,11.550654401619248,43.46532163760167,32.17980958578144,28.8554877987555,41.97146831986191,44.99889698337466
TUR,2018,2.867645962600521,42.52267558757259,91.867504963598,41.412985441994955,19.746996071192566,19.52333733575305,58.67465152494423,34.24842431206231,48.94574489561663,36.552736881839884,51.422717478925186
YEM,2018,,,,63.4615690741014,,0.0,100.0,93.79334422994002,81.68736572151201,79.75858182441343,97.68975395831586
AFG,2019,,88.06155938524381,65.32402080490094,22.7630057908241,4.993707408931022,10.184133054414604,99.39040642951171,85.26167437175857,81.28368683467123,77.37667873383913,88.43978697861384
ARE,2019,,,,36.2614181136704,0.2584882871182244,4.2462368578697545,8.591011056894464,0.0,15.718997501459665,5.442318966501145,11.24421202687104
BGD,2019,,47.18931880007506,86.52630280188363,2.4650635144867135,8.673230361058971,5.1416114373781046,57.512928942851794,49.81578182788561,56.95373640797001,64.48004388258221,76.55055111617344
BHR,2019,100.0,49.567131406694195,98.11827721028995,32.26561135888447,3.5434824795132673,4.2462368578697545,46.98951080635547,29.065327181638416,29.715227248982085,23.010161378231857,46.3933296577607
BTN,2019,98.32675364077683,84.12001652148791,75.43733852859556,13.338009859761756,5.4680262609171315,6.494001635021886,0.0,18.90223239966449,7.267955414266726,40.14164821523447,0.0
DJI,2019,,6.809835858254663,98.9943965306072,14.41196635284941,6.129299449171902,4.2462368578697545,41.55960696671996,57.627552984930105,60.247267415179174,61.55136422014521,71.45814817085655
DZA,2019,,63.94387045543923,63.3953794789038,38.159618550610396,4.601548113074722,6.037890924172638,58.25853925494019,46.36243128827922,55.301937891494376,72.91076155868834,62.511206904257165
EGY,2019,,52.196285515638465,86.58030577650916,14.376116665508052,12.656073853682932,0.0,62.319670451108756,40.303855688217,50.20013738121949,58.47398583284862,63.48163939069117
ERI,2019,,,,,,4.2462368578697545,56.95177892772496,81.36496414308392,81.31343732431014,98.11376763743799,86.26451681042363
ETH,2019,0.0,56.98390774466993,97.42108990232377,0.0,20.101900223030388,8.77293148083823,61.868713532296184,50.79634061993287,51.352763058336556,63.3018345453525,56.350175509440135
IND,2019,,47.63359854948671,80.03809527968541,22.96835410012495,6.5899900310492265,6.494001635021886,46.03450574116252,19.479801851721582,29.10207607398954,42.05476953206081,50.32977467631699
IRN,2019,,,,54.833479859667335,47.055768708942054,6.349847604004792,63.773385873529065,49.6853600397163,60.653482885596546,79.12647698453969,73.36794127207
IRQ,2019,,31.1496677504907,73.08873382593445,14.571935488214436,2.1959011792382777,4.19823859417277,89.69736089193265,71.65478379263345,72.49383033375572,73.72785480896641,86.93905204843422
ISR,2019,,39.280622333929664,69.13874702339595,24.46348084061333,3.333005242877623,3.6974768604264705,42.11522277479356,,0.0,0.0,19.819929027349072
JOR,2019,68.6803422673108,48.773834989476896,80.88966934250486,33.27044767759383,3.2702203787064192,4.2462368578697545,38.338040196339335,37.510264429803556,25.149699268091002,33.40833684828301,41.13751389811576
KWT,2019,,0.0,80.25118126020094,31.187198764864497,3.6397068311051313,4.6610228793708925,23.949791974863608,38.7530504653466,26.684915302969536,34.28963561643615,47.84577075625091
LBN,2019,,91.566346872492,54.82984438427169,78.11287703712605,5.78004870510955,4.2462368578697545,66.48047842304243,56.36379174553569,55.42476468943337,53.06750486604346,80.47561248192419
LBY,2019,,30.708068542280177,0.0,100.0,0.0,6.092655800355919,90.57526131410901,84.87972272381397,79.15207442448843,100.0,90.04323486224538
LKA,2019,,49.79372187240959,93.22973952299407,43.88801439430232,6.3650412802961185,11.83120835048474,35.472717102430394,35.173554115430804,30.111714731835253,42.361113040213866,48.64750217157825
MAR,2019,,52.64160820553102,87.26562227209736,27.980898718527698,2.7577932473190505,6.108900437468543,40.868637991033474,39.21887912367033,38.179346405687006,37.65314449772154,57.812263416649735
MDV,2019,,100.0,97.0584112761952,7.367144265824088,2.664557226975588,4.2029806993864804,33.015460159097444,35.80230437416169,42.17864165868573,45.61378638084921,59.09275097180312
NPL,2019,0.5479844547185888,56.26014046422665,82.2282450873982,8.727073541549114,8.644332125031035,6.8029389406350464,42.40639904037646,61.55890250258671,41.63355822679444,56.16087265260431,65.69272262626849
OMN,2019,,55.813080450893715,88.82304967165999,48.53088914790699,2.9674374291635495,4.2462368578697545,17.15590118735683,31.508291231168585,20.60304195548325,22.652671506618695,38.99822121456699
PAK,2019,,51.052825328777416,93.990318279122,29.991810994643163,14.250228767877127,21.775386257984476,82.28664888606897,47.70267212611141,53.30274254755712,56.78176196489018,72.78251121766611
PSE,2019,,67.37278772585985,100.0,35.79416109758872,4.185921548702521,,71.64025987256089,58.730478539352134,54.85959928578793,40.63673115385844,53.28883385328547
QAT,2019,,40.30760657337301,86.28630928473332,39.24222192064661,1.6727946789542198,4.2462368578697545,7.429676950417809,11.790805118128276,13.97503037179129,16.357660249968106,17.51399497247909
SAU,2019,,37.70793616104646,33.477786498679166,34.317170810550316,1.0840648558395423,4.2462368578697545,44.3459143245292,31.815968221242002,34.4437929210674,33.83400195785759,37.546925058047506
SDN,2019,,76.66606486275313,,53.896962664970125,59.45651431744024,70.9455781817729,75.10233505315786,79.8039019294807,71.68081721605904,84.96571120671696,88.54037446537862
SOM,2019,,,,28.444297772073746,,,85.57039784764204,98.4241399868858,100.0,97.40890485578612,92.6327976489648
SSD,2019,,54.20454920286759,99.48819099601965,,100.0,13.140461693246849,94.31911389833421,100.0,87.60151709030256,95.56220839620592,100.0
SYR,2019,,,,36.519918042118874,17.426316270516985,4.2462368578697545,96.12408026654651,85.83740488552935,85.7423822314113,86.11787093606628,93.29450535173679
TUN,2019,,62.43293969889503,88.91771680867863,34.83606309873418,9.935013609989763,12.469869454665938,45.27546203727726,32.836641458334,28.27287468355088,42.41045525699816,45.62815866097631
TUR,2019,3.357031312875504,41.32277900905796,88.34038619776922,36.106345578883165,19.394086439811044,17.500151282528485,62.367944131529505,29.569740812063237,46.37834347145302,37.313854403750284,49.24868937775154
YEM,2019,,,,,,100.0,100.0,93.95341023070998,82.02473851025448,81.68384892350542,95.72289139878636
AFG,2020,,63.96624153430941,74.9952353225375,21.583232233085266,4.9109145842234785,4.518048852649206,98.16762730826363,83.43049477890442,83.32151298414219,78.72837932979748,87.01780798731437
ARE,2020,,,,37.85882869083423,0.2779958623810203,5.627695748263547,7.324890848261147,0.0,15.697713453678405,5.837714691023458,8.881439376103216
BGD,2020,,35.115409037907895,87.31920773244639,6.701625019697009,4.964707018543455,6.089411314766291,56.68063649481413,46.01260075682577,56.48009276188901,64.73490603552663,76.78159094698073
BHR,2020,100.0,51.97693730572189,99.07106033812329,30.719522060866872,0.1342649525200589,5.627695748263547,45.64117179673196,20.182885966360878,32.54845624315333,20.23469495693504,45.74926409857324
BTN,2020,99.18647935097698,63.58990745897031,81.33417980202239,41.77216709176125,4.927487338637512,10.50309676962759,0.0,8.58151705872378,6.106145412828225,38.23091176120981,0.0
DJI,2020,,14.727142854836428,97.15286179346246,12.46502485863003,2.6051688497028276,5.627695748263547,42.272795639776675,51.90063459860485,62.62103503488525,63.40957188771185,68.49382326402986
DZA,2020,,55.53367019791946,76.83479381356352,28.38079658948703,2.9888436894179677,11.431465655199679,52.64768502648076,37.87580708061479,54.074878290527906,71.97296507011366,62.74388785027699
EGY,2020,,42.361703467927505,92.10042389736898,6.439496235017465,4.5749909314014285,0.0,58.90762162147799,35.010172982128005,53.31110213355691,56.05481413160085,67.83274961789122
ERI,2020,,,,,,5.627695748263547,57.98595045055818,75.32640614897933,81.26529045505629,99.3064316901269,85.90676227552302
ETH,2020,,40.64586539265898,97.53505396835703,0.0,13.809966608190628,24.430242896330785,71.33983061882326,44.56210503966984,53.31937085676207,63.01569083171539,54.29532904624884
IND,2020,,33.48789799694222,80.71294524285466,30.3765816685037,5.52705486422187,10.50309676962759,48.35820637717207,12.646739631488998,30.695888332287087,42.29457392034921,50.80167758799955
IRN,2020,,,,4.151373711110328,19.984821654336898,5.627695748263547,61.75604220976798,51.43183181991887,61.59348299973797,80.56935740469685,77.73272365612883
IRQ,2020,,41.96042511080469,83.1597183289498,46.43850586170464,1.8784761457375625,6.417163658276014,87.31836433162995,69.83217042562103,78.83495494005045,76.69076773902903,86.2425153129856
ISR,2020,,28.96082427488539,71.67924677291634,20.17431639166743,1.1852128824981518,2.4306995619053837,44.22836961980915,,0.0,0.0,20.615172868431127
JOR,2020,41.64227102987172,45.09104138129372,84.53687700911927,18.50759512474304,1.733198043880083,5.627695748263547,38.27610141611593,27.681688195014853,24.989219664421036,31.893716246303494,38.16356482995682
KWT,2020,,0.0,79.93789204356003,27.911995575465443,2.799817761194295,6.433556626545793,25.026409007443313,30.83823898153126,23.884739968006834,32.55075011281146,47.65845901668552
LBN,2020,,51.45164147731338,56.547442408217385,70.46596474170687,52.71752176626171,5.627695748263547,65.43847774845806,57.86859598492299,59.03470512030763,58.112496252668876,81.83031379371343
LBY,2020,,54.04295363893635,0.0,91.13759964121519,2.4049441235527667,4.9872784643324115,88.45362479438549,83.42122644608665,81.87636910753844,100.0,90.90459561373478
LKA,2020,,38.22146409307754,95.62023864707393,27.417232905616345,5.243884128386294,9.202552937319032,32.546927939922035,29.183621365017608,34.01532642777415,39.533390561634654,51.440018784098676
MAR,2020,,37.71771890900773,86.89064333356396,33.97047873662366,1.9579740314134977,4.461108201632009,40.12821575771105,28.47476191541891,37.88994319574115,35.62227311594332,56.92070908699862
MDV,2020,,100.0,94.10466881593845,100.0,0.7060037435941173,5.623010017661715,23.616373159434616,30.900181197374643,38.09276470975847,48.788330115443074,47.90154510665321
NPL,2020,0.0,36.1419016349981,81.41240345413571,21.63075785985126,4.581882067542173,10.380651426925686,36.6519926337524,55.268158216868024,40.78589212159924,58.58582832632213,64.87647164377407
OMN,2020,,65.46007528271359,93.7756735712065,24.22286054619559,1.2870546431061163,5.627695748263547,16.886405127673655,25.777422602243803,19.50143436600098,21.955910391284476,41.960720744339
PAK,2020,,36.07893177721424,94.72152229905647,18.819417595185246,7.406858954898013,12.968094744729333,71.65896558963199,44.42633587146241,53.9577156322131,58.83563386204853,72.45167485183342
PSE,2020,,57.728800737156924,99.12938241122181,44.595146285740825,1.0886632943432102,,75.75572598196703,52.562545587245936,56.640278364385544,39.89723714823194,59.72548936013163
QAT,2020,,39.40860202735875,90.23210466494376,24.679342328377192,0.0,5.627695748263547,5.8664429155671804,0.34897018415502035,12.655161147772251,12.784949508754234,14.82407724387894
SAU,2020,,43.81507339017834,57.67912432270781,25.313664718111017,3.566183649516069,5.627695748263547,43.19310091918653,26.562503568193957,34.92287209853012,32.963315492827505,32.581286405326736
SDN,2020,,74.5590096084225,,24.864612724782457,100.0,22.405857346294184,66.51729022005735,75.87109768444358,70.80909472962212,85.00476473520995,87.49159742469497
SOM,2020,,,,22.64423734984038,,,91.77569085145,93.68736168049064,100.0,95.67221747697245,91.96542949536189
SSD,2020,,98.74227112674183,100.0,,19.430957949413237,10.298289136202447,86.11601042754529,100.0,91.16616975062274,99.06446271652457,100.0
SYR,2020,,,,13.099387167766672,,100.0,92.3964779132154,78.86754870572511,88.46212998570635,88.87874301667577,96.39251448577257
TUN,2020,,46.505316486786626,89.52989107557697,38.58170384899431,4.930373941515735,1.7457054664716996,40.62250904172346,27.487960138795977,27.923547142529664,40.716574992534795,43.198180513152046
TUR,2020,2.7444552171511183,43.28603743163523,93.5560999924343,10.922883226036344,8.938143868954029,27.58040548239709,57.420298635968656,23.38096319020126,50.67967363175673,40.42971092203092,53.04555334824014
YEM,2020,,,,,,54.76024881790485,100.0,92.10997690844303,88.37434245036872,84.00615971769521,93.46584755609459
AFG,2021,,,,100.0,1.595644426715519,,94.02334352295311,82.4658427887255,85.60409473219332,81.85041762377267,80.8140681233468
ARE,2021,,,,56.57842135753438,0.2185866332807746,1.0397844162798386,2.4022049052583423,1.987517663461546,17.258844182373853,5.795815602661518,9.009051901687656
BGD,2021,,63.22022723126223,84.9580570841087,52.48226254586723,1.7103098793582172,1.0819909481677703,55.72430707173558,42.54610813556797,59.38857406703654,63.42118618503528,76.78959084082877
BHR,2021,,39.72595417435215,97.42789824836008,56.92652769030791,0.0,1.0397844162798386,40.04321706426803,14.588358858983774,28.186960527484057,13.481641491379248,35.607754392182784
BTN,2021,,81.11894811757183,73.32868757424724,56.80407189257715,2.2110503023544257,0.9984573190954591,0.04706153557229127,9.308389288968716,5.058292970959023,38.91434818300279,0.0
DJI,2021,,69.79818649547241,98.97075237827322,56.828469346034304,0.4968558252830646,1.0397844162798386,40.75413551853134,51.58977309095326,62.38094273262293,61.24392356174477,70.94671941470962
DZA,2021,,60.06102696701148,64.14905640915265,57.87085728846102,2.1774802311912667,2.1423785506988366,50.67207321751375,43.439681944163326,53.78166578784504,69.009209852855,62.79661486371921
EGY,2021,,64.59058107773545,90.26858206047196,58.74533413276236,1.6181204180111133,0.9170775953851169,55.331996882145454,36.88694007674185,53.92895859720631,53.942359759761246,67.15664197353544
ERI,2021,,,,,,1.0397844162798386,54.798994396228316,74.2353695746778,82.56188938576217,100.0,85.61701347929835
ETH,2021,,64.012613361825,99.90107607163223,54.709252606759584,7.630216947950316,5.292733203962416,80.85451065348556,48.95270327673417,58.206235301152475,61.33744075009088,54.73374376478532
IND,2021,,56.89814252081319,75.0713048056514,47.7593976982437,1.5951451385085091,0.9984573190954591,42.65400303418959,18.83116419282711,33.53608662298421,42.92791601039486,51.69391546751629
IRN,2021,,,,57.302761932991466,12.231140926471504,1.0397844162798386,57.92286514188773,50.21357860264325,63.38379433169117,80.40432731417721,77.92059303568045
IRQ,2021,,27.373637906226474,62.19555496320195,61.815834282879955,1.8482613571198865,4.690584373497046,86.1770368188093,69.5728327640528,76.70774478229521,74.0501779042655,85.84814784614373
ISR,2021,,47.47240219438897,54.7230837879704,48.3675789889033,0.5799215576626485,0.0,45.3397898496612,,0.0,0.0,12.57760325205544
JOR,2021,100.0,71.41038714940862,76.25234356765685,57.953243455623685,0.5427902781592646,1.0397844162798386,37.092494942275636,29.81883198184365,26.94693086993127,31.473199383825673,41.55529320500997
KWT,2021,,0.0,70.21937275604134,61.524058429758746,1.120365868705956,0.7869674883902703,21.269511067360074,29.106688508379662,24.664505111414318,31.53704525617473,44.03439424794321
LBN,2021,,100.0,42.452650365782496,76.41480375060415,43.192296849690834,1.0397844162798386,62.875254555067116,62.080224069153935,62.1841591703265,61.12622734162317,82.17753447299881
LBY,2021,,17.200854478104162,0.0,15.808940731112173,0.9659871680242716,39.006407027800854,87.07433786755837,76.87405645298391,79.91293159242642,97.29741290850605,91.44653600282898
LKA,2021,,63.03289279824038,98.02641890659206,57.17128730493807,2.118741633025174,2.2368771852102465,39.81338599181686,34.49594972559912,35.433975622624935,41.01512062626258,52.760851858975
MAR,2021,,59.909830495317976,83.61913474995232,50.394488344681996,0.5583213225190288,0.1368851112435536,38.52252589830792,30.8273966766719,42.05544104243563,39.20872163607637,56.915724895636366
MDV,2021,,74.41820344009386,95.78788044901165,0.0,0.3195638361306318,1.0303852413016787,13.27450993699317,25.61283005395067,32.046642942601174,45.908353340866555,46.99191281642297
NPL,2021,0.0,88.03811784030349,83.75359599812164,56.088525506695206,1.315845217903077,1.0096963771579603,33.83368942857727,55.64010524412364,40.0831907204344,57.645683070783406,61.861250945241665
OMN,2021,,67.2615245295374,87.84197737322468,59.96166210875044,0.6362344494739678,1.0397844162798386,14.998475228498776,28.138942523371973,20.66233004850074,23.630220606234438,41.3472467633296
PAK,2021,,62.60685766141992,93.12146304761335,53.21156274085267,2.8086608642792044,1.1510708341512048,71.75679822238679,42.50230758388771,54.62167099982555,57.54005009507185,70.95042177397987
PSE,2021,,77.15785880086466,99.61913482951601,52.35641311654333,0.5125948549402944,,71.56682760302581,58.04601696294148,57.064449169929496,39.85839364440412,60.90004704643094
QAT,2021,,20.602231917708686,83.498485860574,61.60180329171887,0.8092271949643212,1.0397844162798386,0.0,0.0,11.7823540196576,12.84460760920899,15.249447013897367
SAU,2021,,43.8930621104738,32.55330493980975,53.20175750931773,1.0201878793673125,1.0397844162798386,38.088566806019244,21.30940305440913,33.97145172271275,26.904431781935607,34.65433788470534
SDN,2021,,72.15614863551397,,67.60277267247197,100.0,100.0,75.48267000673769,75.7915110761747,72.5679958370047,84.36771352838927,83.40457797202107
SOM,2021,14.632086156962188,,,58.47655931312797,,,98.21183409596014,91.92840029290745,100.0,93.03617922463906,93.17157392968892
SSD,2021,,54.76270183084122,100.0,,3.0923144287776685,15.31860878322832,88.15207484631016,100.0,93.88103275624321,98.21575559242491,100.0
SYR,2021,,,,61.32222478507132,,8.303048757770382,92.29407407374443,78.73142781378802,90.10999683887782,91.71265926697015,99.12009174707765
TUN,2021,,68.0635998367446,87.68813901314682,56.263836924189235,1.7549849381347855,0.9324782375304199,44.256876658279396,30.278670903415104,28.136738384111432,43.23203154555413,46.562687878389646
TUR,2021,3.3985929819014533,56.170801072803734,90.05501184430621,44.11712850021698,5.61658271153282,5.472357940344707,52.93069593664249,27.779781039188002,52.64262401803832,39.230805131159585,54.867194523391085
YEM,2021,,,,,,7.511988903043705,100.0,90.15350527972944,89.47203658797136,83.76013769963234,92.72529135191698
AFG,2022,,,,90.69124686774327,11.46725550786514,,96.25906312056138,91.14548458300278,87.91887709159164,80.57642923448054,78.48871866851997
ARE,2022,,,,28.52567895201513,6.733575591083545,0.0,11.502218377845786,2.2533152183945746,11.699689498488326,4.022286236226677,10.306067343994266
BGD,2022,,55.35536354792306,88.48736101086031,30.39993140629485,8.085922713591554,7.868743226370239,61.30906268105727,45.5612466415081,56.4076436040346,64.15318110937687,78.67676137095982
BHR,2022,,28.4928207174102,96.28014297059622,34.55645025452538,5.7973460833315595,0.0,46.42236048450728,18.783871111587402,24.719298545981022,9.713181589697268,37.90118983003501
BTN,2022,,90.13391579049474,84.43345935805122,38.92369897051426,6.929165657786165,6.371825088968121,0.0,14.857246562872575,2.583756432085878,39.46327536090925,0.0
DJI,2022,,23.131319282760845,96.61848027539878,39.137614756972056,6.666678477159715,0.0,46.34710112501361,50.18775129502872,60.127609466122465,60.47969447084088,70.4380234401748
DZA,2022,,37.33133078779301,53.76689880534967,46.21771765608255,8.96766780697314,5.157253147778764,54.58178442014396,41.45641854043364,52.843071727254845,64.68832548174419,63.67867420033871
EGY,2022,,53.0358437178022,90.95032232564824,32.71388469399377,11.570440455677227,22.586200361698005,57.98742032591085,36.50437661811163,50.34026992560128,55.90378539435802,66.4230009608856
ERI,2022,,,,,,0.0,61.31770033371318,73.4938121277549,84.3994591388631,100.0,84.63762935900074
ETH,2022,,55.90705261903961,98.80709786076694,38.43607130436577,22.809915775927927,18.43558265775309,80.8907279524043,52.34142955540004,55.076185755169405,60.94780199995456,54.775239354479055
IND,2022,,53.35809724997311,80.42582052084113,28.097037394202445,7.524955568158716,6.371825088968121,53.19233161391542,18.36229002458079,27.885346072717805,38.7657738684964,52.31152009944532
IRN,2022,,,,42.8153222070936,28.205628138430015,0.0,62.86637810470898,53.32815549598755,63.393404662499066,80.10555135345244,77.39794013870639
IRQ,2022,,20.568320005303907,53.96948706688446,26.516613765711643,6.566924630788633,0.0,91.65399514553758,72.37680714854417,75.99951688365711,76.4974248491616,88.75566016946493
ISR,2022,,45.932330446242965,62.12990616776708,33.725247773220126,6.239121218465947,4.0264899369858735,56.73150308925648,,0.0,0.0,14.555692216639777
JOR,2022,100.0,60.54782270961435,80.70723210372962,50.07355250000012,6.136547335027308,0.0,42.43480591931223,32.43206358544889,23.261299123295725,29.86410998379045,41.59560035845728
KWT,2022,,0.0,70.97473917632523,31.941841739576006,5.996853063018938,1.5349579530898803,31.224476689084092,23.938792076895947,18.137900936767384,28.127729675174507,39.88743858234964
LBN,2022,,100.0,57.86440019292309,65.29796982983524,100.0,0.0,68.34021356240524,63.493720426271636,60.924731446403825,64.38547464464564,80.11803990804836
LBY,2022,,17.626397013096422,0.0,100.0,6.294589585180288,6.650786998500393,84.56444357029143,81.01234182093492,84.33218791946668,97.2627347231087,90.02089422210874
LKA,2022,,52.66400514865246,97.41881270933841,95.70356608008616,31.709219912249363,62.63102592000344,53.57180655946392,43.97399885355165,36.54460695401075,49.93759459262606,53.157280748299975
MAR,2022,,55.134117235003814,85.99197764296196,54.29561262363285,7.501350278731897,13.106116461091627,46.36348471971301,32.87332752677143,39.9510101908103,37.959027850420284,57.12452221715728
MDV,2022,,74.28546365194443,95.44140523790054,0.0,5.069266875587814,0.09104627169424552,27.63057044125144,38.85787121179974,21.167587343497647,47.76803083858679,50.309453390038705
NPL,2022,,58.19213608229982,80.1144693112115,37.03701153623576,8.07088636803968,6.010735928659883,44.42866830819328,56.53381459230719,37.109087630256376,55.60278776195309,62.412823256715164
OMN,2022,,44.5402542542534,89.86811130345887,26.39612499713327,5.167979150198899,0.0,22.78995621878727,23.550136617229377,13.802914380019235,20.01839274141324,41.684582208870374
PAK,2022,,54.55582475306385,96.34318033670658,40.89315927969356,14.931002869958215,25.88659651101729,78.9015553008182,49.36406220069654,55.7681872951194,60.32930123687861,71.86042137454963
PSE,2022,,65.23701010875752,97.98079375965767,44.0358398294818,5.8622631949318755,,73.13219780041668,60.79953983836085,53.59387063127624,38.73422841649238,59.97269852385154
QAT,2022,,11.012514525814305,83.70272178531152,43.573714442060066,6.567211080584317,0.0,10.686793481295647,0.0,5.603766522102605,9.863767077887957,16.610294358877823
SAU,2022,,32.827915466944354,43.229736551042905,8.250518232358028,5.149952122306099,0.0,42.012838803668856,18.561210320528453,22.75304767336379,20.596119849521042,32.74444234971531
SDN,2022,,62.29759700994414,,66.81717358893529,81.78845413713901,47.69504110638592,82.88069323564588,79.85059191209699,72.89868873084497,85.97991712329936,87.31449690998375
SOM,2022,14.214413083164212,,,50.20303656431096,,,87.00356933212603,92.17663180092362,100.0,92.90037912218673,92.00859484915348
SSD,2022,,66.10225224767665,100.0,,0.0,74.84729514712694,75.46450882521675,100.0,90.76488002666333,98.18939064896236,100.0
SYR,2022,,,,63.403329683718226,,100.0,95.88565739624667,82.26457951693335,88.22602436886265,95.69372275131181,98.01627177699153
TUN,2022,,62.63884691268986,89.02999115719435,50.04902891827253,8.428548626858987,11.117687709156499,52.96509529642722,36.399893866021856,33.248673611808286,46.250457903872324,48.087664445454116
TUR,2022,0.0,57.0769065163755,89.3698595553024,37.89613761954228,44.406604133873664,87.41938620993292,57.86826136703658,31.44567628105773,50.416741140441026,41.44792206429606,55.73010558525304
YEM,2022,,,,,,8.494188313169179,100.0,85.93579745407912,90.23627000607625,82.54839346220902,94.01162428236184
AFG,2023,,,,20.016253409989698,0.0,,94.18912637508856,95.07165149471261,91.02027278159936,79.45083412094898,78.93345461463873
ARE,2023,,27.601437116183607,85.85456033632681,14.883721802757533,2.7751308892381745,1.1426081024747035,13.849412631513399,0.0,8.840824585150829,0.0,11.351865692282011
BGD,2023,,50.34382159745395,89.86785291330318,11.164689855531426,6.428800487364512,3.0553642564256798,60.84239310879016,46.55831080237128,56.45048157072172,63.11912226304363,78.99494691545044
BHR,2023,,38.815312820896295,95.65783569633761,15.951056866941732,2.0883249493421454,1.1426081024747035,46.73042979172383,21.809192139819313,21.40100169862442,5.158974786235445,34.531368639025814
BTN,2023,,100.0,87.77375866024607,14.048514121679334,3.926809207731193,1.7549708321488007,0.0,17.039636437359928,0.0,37.702469450513725,0.0
DJI,2023,,19.33000818134039,97.04003802145354,8.560257809057328,2.69651662793682,1.1426081024747035,45.86829802243591,50.558821918996586,61.65735320351412,59.74549664118398,69.96512252942466
DZA,2023,,43.77709852643912,46.26373320407735,15.391215189042553,6.180409701051766,0.6205619538882992,52.826891272315834,43.18687081339601,52.11569698265777,61.21571355938444,61.679066001653524
EGY,2023,,52.694709264662734,88.21758795146195,16.248371402950966,17.049474250923904,8.353152949708228,56.759921903867316,35.19037085370641,51.006570551501106,51.30590048640441,67.10321900660293
ERI,2023,,,,,,1.1426081024747035,54.25505978882485,75.51805620364873,87.16261213684656,100.0,85.72397572157952
ETH,2023,,53.23374607413612,97.23619825504117,9.097909703711103,15.427275187255244,1.8048880579357642,80.75969558791715,53.13243255235742,59.955289569959355,61.12561071264279,56.18731859585221
IND,2023,,49.21521422236406,75.16300428681127,7.543715866718584,4.555076787886631,1.7549708321488007,54.39049164671456,18.43499831499853,27.741374952183733,38.20860087741592,52.34189483601103
IRN,2023,,,,12.281833696872567,21.78179959556046,1.1426081024747035,65.91685821063888,55.7932127947026,66.96726980974113,80.521246130874,78.29921759170948
IRQ,2023,,31.567515050733974,49.99538394624963,24.429807835917046,3.9838964212041272,0.0,89.59778939900218,75.30950079525441,78.61072963908646,75.26601535025614,86.04579948548879
ISR,2023,,43.09756980590405,52.322891997786456,20.53152359653104,3.924986899634463,2.246396402303151,60.06899663941976,,3.6498528207939316,0.5028128037957375,14.96963585097878
JOR,2023,100.0,52.82171050489083,77.28170814538251,17.8411712999029,2.9778694553512937,1.1426081024747035,42.071170320486964,28.615430871344454,21.167149198869573,24.700027682794666,38.70660036379431
KWT,2023,,0.0,71.36188660005823,29.876193472770773,3.6669792835395003,1.1794031454601148,26.608830816130986,27.547529109789863,17.775945759603598,25.13007601239343,36.646899748697656
LBN,2023,,91.06700899752386,57.227386177942904,27.65509895418321,100.0,100.0,66.15964151795328,68.18470279087333,63.253330149672706,61.945059016074744,80.9462112284098
LBY,2023,,41.29173576324759,0.0,0.0,3.1054459428674246,1.141877942958951,85.08812416624086,78.53024525591654,83.67598874800873,93.38867853956634,89.85989417073328
LKA,2023,,45.17581984415134,92.96610941263611,30.855298063337283,9.37485059602124,1.324631502921755,50.72059865103199,41.13768847828809,36.76545934702627,47.639401598111306,53.84113554624585
MAR,2023,,49.422849676927946,82.60884424187488,16.51238261594927,4.750663083527951,1.1079399191224681,47.424154683223676,32.64244509184189,38.41295532340902,35.58793007221605,59.41978206572954
MDV,2023,,80.34680414353348,96.66237499862906,13.264562710286864,3.3402162981484738,1.1427407248627337,32.669722603753925,40.525993790877344,21.29087782724288,46.0897542957697,50.05683200794563
NPL,2023,,44.03866041419697,67.37649887709132,20.73381956830397,5.204111301918852,1.8082111231251197,41.95627164725666,54.38484131556165,37.36576924928805,54.78719345254134,61.016597464056524
OMN,2023,,44.28229628167085,88.33846453796525,22.168305960945386,2.4760308036798193,1.1426081024747035,20.170023636212125,26.134987284991485,12.454066230625447,18.635237586024633,35.00249231098188
PAK,2023,,48.28531938290375,92.5934524676017,26.782983116174663,15.670343074113754,5.582510615285134,82.7496183815306,51.45637004609054,60.28902089543426,61.11039664106932,74.4612571219073
PSE,2023,,71.7248684031808,96.2578318935663,28.188976329090693,4.653294483348312,,74.68712525237603,70.86932321595356,55.73327307052763,43.99505340435314,60.49468187098325
QAT,2023,,21.46916264535081,79.9132293456087,22.740687754037328,3.395053554002806,1.1426081024747035,8.214483031795375,3.712402405626647,5.5094668680788255,5.8579780909725665,18.207621597366078
SAU,2023,,44.53279190806996,47.780410908141306,24.36701492993284,3.0850508481337466,1.1426081024747035,40.36885066260897,15.585616976392064,19.652880294003776,17.174810924474126,27.37572924436405
SDN,2023,,,,100.0,,,85.81304307389054,87.58075755589942,82.86598032004152,86.3909445030671,87.04343703017241
SOM,2023,,,,15.201368431386515,,,88.36645328545565,90.47285121107043,100.0,89.09239288777667,92.11834402895867
SSD,2023,,35.603453943708665,100.0,,3.1097068345847156,10.065462405428631,72.4140178245475,100.0,95.28538483747758,99.10265322961904,100.0
TUN,2023,,51.35612251572495,85.91219367735364,25.271750839370398,6.183428562904695,1.1525728507155697,53.5371162692652,39.29128406849068,36.812229155678615,49.721882185440066,48.252297155404364
TUR,2023,0.0,53.40316873506622,87.31354540924063,13.00654576348029,25.88834093749907,6.3774747673331,56.31213171386772,35.85854117144423,52.51729309440716,39.36412187512779,55.19374601720147
YEM,2023,,,,,,3.737410398975252,100.0,89.08847241675608,92.48697688439105,79.88427432541184,91.537456972133
AFG,2024,,,,18.836765629033632,0.0,,89.42184431236643,92.56764934761586,90.12054968397946,83.47842728166489,78.64693505453789
ARE,2024,,30.03690531149888,72.25789927961532,11.883657259487295,8.429601693580029,0.3412330927228829,14.403931183121957,0.0,8.899204336739336,0.13146432483100498,8.378100272630641
BGD,2024,,61.31850405385014,85.81619235142007,11.124069681179403,17.407776844218382,1.9398516206081529,69.49175801299334,50.897134134285814,57.78452993642132,64.62277391838106,72.81564985695408
BHR,2024,,49.955165400907234,96.38670147848039,15.476380962360054,7.6710190617624425,0.3412330927228829,42.20497293985781,21.375682628610143,20.955458657770627,4.464066953940913,33.989411819130005
BTN,2024,,100.0,63.230300036442245,0.3748343511454625,9.549479406768143,0.5781062691190993,0.0,16.62835795067638,0.0,38.05248772529793,0.0
DJI,2024,,29.59319130575469,100.0,2.075115489127516,8.8872081635463,0.3412330927228829,46.94143976640536,48.919768086870995,60.23523555868808,61.42651736747443,66.79059527112156
DZA,2024,,62.0475028861414,0.0,12.841356730947748,10.85993692064683,0.10032719629904548,50.913746244622345,40.15620804809825,49.4999045119678,59.78689794078641,57.85045400669413
EGY,2024,,71.67736904179462,76.46696749526829,17.110560479958284,35.568198147650406,9.101644231567068,57.64623891201832,38.8768858983342,50.035531044029746,48.16291447872161,64.63563019042621
ERI,2024,,,,,,0.3412330927228829,52.25610797320457,78.65191728224794,85.43016171504946,100.0,87.98422173682575
ETH,2024,,65.16407606600494,94.06422433468865,0.0,28.190907491519024,9.718367372313175,79.99409391700668,54.46782382135347,59.623502163384245,61.17523701638827,53.985815923080395
IND,2024,,61.69396157635288,57.44752549334582,1.6852439372750974,11.784969952624484,0.5781062691190993,51.72263791823634,18.64097085672834,26.87394603765552,37.300879210044805,50.14049322998398
IRN,2024,,,,12.962391507093654,39.837063675947405,,70.07845622271412,55.44263539498957,66.12973552716649,81.77266418661546,73.70749334193384
IRQ,2024,,53.75799111903435,33.937678403505416,30.05577893760929,9.39687178015213,0.16708570432585482,84.69865581056672,67.44144417509168,74.33942790534867,66.9202068843778,76.30352437237816
ISR,2024,,54.04325605382344,4.430145089857492,21.854721838107075,9.869233366430127,0.5025044509502056,60.066464532178884,,5.496645257476095,0.0,14.821683349614329
JOR,2024,,70.94988544524462,55.714379851088125,16.59566344758513,8.32070042575114,0.3412330927228829,41.63833953225691,30.923112904130534,20.01857136714858,26.478118321108717,33.94764405984096
KWT,2024,,0.0,48.33038481378702,29.821996320757442,9.689455149402738,0.3117854860613577,25.24427011448348,28.910958755366455,18.04979344778005,24.71488629223557,35.435672247490906
LBN,2024,,,,48.21994514057676,52.87960652715205,100.0,69.08920604781501,68.16925069652909,63.19946302489732,63.688488296171776,78.75105380204175
LBY,2024,,,,18.748949316797507,8.901636668561466,0.4146541160486672,81.11392260814064,78.41538619514121,82.9752455189867,91.88465813126606,85.3387024635405
LKA,2024,,57.43648190394855,87.14805053373085,8.599768860577793,6.29508282759999,,39.977485274555086,40.92042023716619,35.84028545118491,46.08254222760498,52.83576736089849
MAR,2024,,62.477472328200065,71.86047591217414,12.534941080892366,7.737950710465356,0.0,45.613524895098614,28.484642161421252,37.444068940249025,35.81745861117342,56.2698622699203
MDV,2024,,98.50718881676349,97.10902158640127,13.516102661995074,8.172130606416463,0.3440875693603884,33.63452592148466,41.06563479243868,22.634468647348715,43.95330325125015,51.84726183350593
NPL,2024,,51.928098452851266,22.68219293444448,12.91397021349852,11.511679989152329,0.5642294788924519,42.028189948358104,54.534870901081824,37.02991927568371,54.42979371159633,59.526715071243295
OMN,2024,,54.02133297290806,81.90620344746155,19.629544358590994,7.338461384538833,0.3412330927228829,18.18944474055869,20.412506808002835,10.756169595186138,13.849704027895879,27.32364786097366
PAK,2024,,59.678182072462484,87.27075119763519,14.87035238700159,19.617833152881783,0.22543768166687767,84.05312148870647,49.771713138829575,61.10948850332005,60.770482290644544,72.56024707135708
PSE,2024,,97.31171320705928,93.25636923799846,100.0,61.47398740006658,,80.97664750165126,73.67048339821423,58.905495468143265,47.24125783209334,57.85051924222745
QAT,2024,,23.76769670206268,62.71406925919262,14.778886080930045,8.025670757704335,0.3412330927228829,9.850109985627302,4.4963397573156065,6.735747553910512,5.317076210207454,20.554045951739493
SAU,2024,,62.61233570850692,9.381378848197244,16.290867075746394,8.454648122229132,0.3412330927228829,34.52025110565525,14.509822753163942,17.19213550543108,14.648498558278671,20.483341978932383
SDN,2024,,,,70.81404720075686,,,84.89621770739762,90.26015381059442,85.30647240039768,87.83949161704052,85.97634576579837
SOM,2024,0.0,,,11.49120253552084,,,90.5402872437721,92.50316713817878,100.0,89.92185044858563,92.33975153600609
SSD,2024,,,,,100.0,24.571125729061887,71.27588995549665,100.0,92.23311358776233,95.76974094928147,100.0
TUN,2024,,63.05006364523318,76.63977101849937,19.685949369262296,14.08355717499306,0.3487878581636004,53.320983176302626,41.44751746621558,38.63812765905814,48.838954105136025,47.80403155028643
TUR,2024,100.0,61.51785869078677,75.25440249434986,14.063462621237074,66.40789788626073,7.32564016055546,56.22918598251352,35.34566721168422,53.862184259721126,39.67055433098814,57.45093458268644
ARE,2025,,,,,12.814988259550717,24.84064385901333,14.558415580780848,0.0,6.173665906816979,0.0,8.99774681545949
BGD,2025,,59.06126445044547,88.20256828724146,61.00751172850438,28.832638142260734,45.10501851531274,59.87003604442636,46.55274832985651,56.47663708859654,64.3917765762595,68.8371284469276
BHR,2025,,,,61.060179652849676,9.856489079234484,24.84064385901333,44.27388696848036,20.949643507237113,18.760452317975403,5.232424335186708,33.398431245653136
BTN,2025,,,,33.13240534363358,17.724474184041984,40.30518398915592,0.0,12.515543908223048,0.0,38.64732156616951,0.0
DJI,2025,,,,42.45204951056616,9.48145418883736,24.84064385901333,48.22332358183111,49.03187334859383,60.356308358036145,62.35868499875781,67.36679420937877
DZA,2025,,,,58.99711883764924,13.171834889677806,18.07055810915637,52.72318783728903,39.1109704115238,47.5682219555423,59.85664826402947,56.15230322807032
EGY,2025,,68.83053298755497,84.81534530011152,55.438171027247826,40.13495253693941,57.00067876993502,58.50223316247754,36.52733363675998,48.81647506341013,49.79918007460502,60.91226728357836
ERI,2025,,,,,,24.84064385901333,51.11014212390729,78.53906229333843,86.22821224692241,100.0,86.37851118922897
ETH,2025,,,,22.226577519158223,38.33700035826757,,83.27536719558955,51.615953960264996,57.45252889539854,58.05176731381525,51.76843958740878
IND,2025,,60.007246951653194,58.26811025675453,35.83875204281753,15.260886247162055,40.30518398915592,51.31648613681137,18.537594080848972,29.4393387974985,40.969612250157205,49.1007671473507
IRN,2025,,,,100.0,100.0,,79.08114420737509,58.75207027725426,67.12705819643641,82.30603643876425,73.26059826707204
IRQ,2025,,,,95.8621885647057,10.79643319976896,,83.58474217499452,63.46225986721937,73.10883641224713,66.71135395125012,76.35082160339608
ISR,2025,,55.29826272606613,7.948786688827108,64.45712343443233,16.629933891530598,0.0,59.15681239760659,,1.5657477563744957,1.4800033547474378,14.46388426041686
JOR,2025,,,,65.10253232914968,13.913526090715628,24.84064385901333,43.84502037809323,30.102241086408597,18.348772355987393,25.697569640352718,32.783242526564386
KWT,2025,,0.0,54.271446385051526,65.6876938819835,15.18228795527084,24.555438549844432,24.888720119628545,25.8171584862889,18.174843846337396,24.883918391347994,33.34784000358604
LBN,2025,,,,,41.251563290945995,24.84064385901333,68.2351232405811,65.83429591695491,61.522585487936034,61.81169714825431,75.58629654766182
LBY,2025,,,,0.0,14.07375112906256,60.937095759088244,82.8262831692949,77.46530837581199,82.07162757088814,86.51884803143486,84.15681660114431
LKA,2025,,,,51.97209911673697,0.0,,36.82623644660562,37.199222823821785,32.16285141951786,45.05810551217258,49.21100999679917
MAR,2025,,65.41039851784059,72.9836772092979,54.183467822357166,11.645366233034851,2.756838504359344,49.646778264143364,28.171837554034923,36.78842412372228,36.345962994062695,55.36565115772502
MDV,2025,,,,43.59133430931082,18.684626512993283,25.478765304443858,33.729306842748116,40.526567515079655,25.364671250919635,47.90516539950563,50.63261045121823
NPL,2025,,,,55.19911663868299,15.80310995255678,39.78423233182063,47.09159337012732,56.16861399616607,35.58851333806729,55.71924532084527,62.93585252952707
OMN,2025,,,,67.74942116663614,12.211765082429677,24.84064385901333,20.46700481892483,22.137697264053195,7.612484344997535,14.68259909515108,27.18759564827908
PAK,2025,,59.210585973873876,89.37734622475718,59.72016703974465,17.704053464939687,28.251455266251014,85.75210310440985,51.32582369176556,61.90693204668791,63.78373012733619,71.21659778239574
PSE,2025,,100.0,100.0,55.7318548341411,31.04769404843048,,84.72245760935283,72.37330956576831,58.26370371560162,48.19390415806067,57.6383796402329
QAT,2025,,20.473195309365895,61.465654786181666,64.63918220981846,,24.84064385901333,9.023979689426438,3.927027531321719,5.493349408439175,5.380625882339884,16.599765926554724
SAU,2025,,65.58064582747416,0.0,54.756252886097215,14.590511394597394,24.84064385901333,35.29040882430045,11.51346373340575,15.509213928916743,15.39055019107945,18.71057890103147
SDN,2025,,,,63.6352170375205,,,88.79215001378473,91.19937988290873,89.269711075612,88.96288092686146,85.30216556458836
SOM,2025,,,,64.08673469906715,,,91.32042192075744,89.81352872888246,100.0,87.77215899246849,88.67842637087402
TUN,2025,,,,67.1614586586539,21.124628566478602,,53.62562555385426,41.81770387308064,38.525002188645416,51.8044495645703,46.99146423375966
TUR,2025,,,,60.29927187754206,84.46777813377132,100.0,58.3260742634836,32.53915129743292,53.098150907040775,41.03919795561618,56.07420030159192
