country_code,country,debt_to_gdp,current_account_pct_gdp,reserves_months_imports,gdp_growth,inflation,currency_depreciation_pct,political_stability,government_effectiveness,rule_of_law,regulatory_quality,control_of_corruption
DZA,Algeria,22.195459087079293,62.02886642415707,63.50285180971746,39.54535729927443,5.515134230852776,3.500479699208104,52.72318783728903,40.22869574198909,47.5682219555423,59.85664826402947,56.15230322807032
BHR,Bahrain,42.45793073957977,33.33268400392539,95.98381150884826,40.92821257550819,4.4450123965726185,4.811924956521432,44.27388696848036,22.40075196522106,18.760452317975403,5.232424335186708,33.398431245653136
EGY,Egypt,32.94578829870551,52.189419168457086,86.6705334103107,37.159819402769884,14.218244725000828,11.041702069738534,58.50223316247754,37.69248616860115,48.81647506341013,49.79918007460502,60.91226728357836
IRN,Iran,13.72667456425144,,,67.02930258017685,33.54138567718795,4.811924956521432,79.08114420737509,59.509248642420566,67.12705819643641,82.30603643876425,73.26059826707204
IRQ,Iraq,9.913110655834934,40.869188548102244,63.607997613375154,83.47464259598108,4.748406004328034,4.811924956521432,83.58474217499452,64.1329744103872,73.10883641224713,66.71135395125012,76.35082160339608
ISR,Israel,26.29450547712382,40.699368986673605,54.81340875646933,43.205160301343724,6.631333704020324,0.0,59.15681239760659,0.0,1.5657477563744957,1.4800033547474378,14.46388426041686
JOR,Jordan,35.505973568016834,55.177924784967225,75.7340890595849,43.6377733822632,5.75453608933278,4.811924956521432,43.84502037809323,31.385337503094853,18.348772355987393,25.697569640352718,32.783242526564386
KWT,Kuwait,7.926137219848803,0.0,73.78320719758248,44.03000309009505,6.465310869633894,4.756677332799947,24.888720119628545,27.17891513779348,18.174843846337396,24.883918391347994,33.34784000358604
LBN,Lebanon,53.20899875515206,100.0,57.22738617794322,84.63289248969471,14.578662496350884,4.811924956521432,68.2351232405811,66.46146756256822,61.522585487936034,61.81169714825431,75.58629654766182
LBY,Libya,,36.34217089271142,0.0,0.0,5.8062532620612926,11.804232351034267,82.8262831692949,77.87897231187422,82.07162757088814,86.51884803143486,84.15681660114431
MAR,Morocco,19.112017786891126,49.596168416139285,81.67842134396737,36.318800595080546,5.0224232039449985,0.5340320514846479,49.646778264143364,29.490369925945565,36.78842412372228,36.345962994062695,55.36565115772502
OMN,Oman,11.947843111967964,46.83022427282346,88.63225858838764,45.41196451010292,5.205244487245009,4.811924956521432,20.46700481892483,23.56699690381614,7.612484344997535,14.68259909515108,27.18759564827908
PSE,Palestine,,75.8230641304104,93.07736441408319,37.35667361032136,11.285074468170052,,84.72245760935283,72.88044610422133,58.26370371560162,48.19390415806067,57.6383796402329
QAT,Qatar,16.046889502012498,15.523404008964675,76.81864516722563,43.32719302877106,5.411283891042144,4.811924956521432,9.023979689426438,5.69061607308523,5.493349408439175,5.380625882339884,16.599765926554724
SAU,Saudi Arabia,11.715821618191859,49.72525514290304,50.88456431162483,36.70273442858892,5.93962321855808,4.811924956521432,35.29040882430045,13.137789883103926,15.509213928916743,15.39055019107945,18.71057890103147
SYR,Syria,10.90374638997549,45.85678338956984,63.42016314581532,56.172728607613486,13.76714099130055,76.28949044354111,95.2088728592283,80.68967498376621,87.793994620069,90.9958383632442,86.60706548803473
TUN,Tunisia,15.745166547695444,49.24143429745926,86.21187090194282,45.01785734156951,8.082123813134604,2.2671185952072457,53.62562555385426,42.88574234577783,38.525002188645416,51.8044495645703,46.99146423375966
ARE,UAE,0.0,13.7224698851284,83.8851152876009,38.81592318281147,5.3999518661095856,4.811924956521432,14.558415580780848,1.835676045454382,6.173665906816979,0.0,8.99774681545949
YEM,Yemen,,59.88305497411759,96.67380282266429,52.22107388817763,10.113436001941684,20.281521590124854,100.0,88.98896741240057,92.24522687503564,80.63747030336653,88.32207161302658
AFG,Afghanistan,2.3962916181849554,75.61977648416163,47.58119260674455,47.58320160699886,0.0,3.957704113845835,88.11061419744563,91.82064708139737,89.0608853980259,79.60558669712766,77.86275115443313
BGD,Bangladesh,15.466835767572231,44.76640851638834,88.09604731381275,40.892909633136085,10.570102388371684,8.737372730354483,59.87003604442636,47.53386672571905,56.47663708859654,64.3917765762595,68.8371284469276
BTN,Bhutan,42.2296968506649,82.87060126164543,79.48738350023196,22.208420229874836,6.98462760833229,7.807588314351681,0.0,14.121475112195855,0.0,38.64732156616951,0.0
IND,India,17.293037758947655,45.68526305568558,75.55000584251009,24.022465547739472,6.189434770945626,7.807588314351681,51.31648613681137,20.032979952357643,29.4393387974985,40.969612250157205,49.1007671473507
MDV,Maldives,21.459997592062283,56.78886882289878,94.39707279938169,29.218967372924393,7.294543988158838,4.935536587765217,33.729306842748116,41.618307068614826,25.364671250919635,47.90516539950563,50.63261045121823
NPL,Nepal,14.740712376671757,23.669246809226678,51.12432238208451,42.920243566205194,6.36445284127163,7.706673849520833,47.09159337012732,56.9732162494291,35.58851333806729,55.71924532084527,62.93585252952707
PAK,Pakistan,26.41051622401187,44.895280542015534,88.59536935041218,40.030011466457495,6.978036242413764,5.472639253044212,85.75210310440985,52.21932388657805,61.90693204668791,63.78373012733619,71.21659778239574
LKA,Sri Lanka,27.730200018345304,41.56878976105979,91.43085996622656,34.83653557422704,1.2635511626320424,4.511353461124493,36.82623644660562,38.35204164680407,32.16285141951786,45.05810551217258,49.21100999679917
TUR,Turkey,9.168560802054273,48.417558704991166,84.22411124083416,40.41818140044115,28.527925653320167,19.371176463186725,58.3260742634836,33.777513937126166,53.098150907040775,41.03919795561618,56.07420030159192
SDN,Sudan,64.69406269706927,61.336074627009374,99.96399400246341,42.654242175631865,100.0,38.90317919739939,88.79215001378473,91.36093075824961,89.269711075612,88.96288092686146,85.30216556458836
SSD,South Sudan,21.46072435678829,29.067400741716988,100.0,100.0,67.42469326750691,100.0,74.58168255686866,100.0,95.0996082039119,94.24394666097908,100.0
ETH,Ethiopia,11.464018190966828,49.66247158449828,94.88520489773109,14.898319898534131,13.637904696118278,41.650361465304975,83.27536719558955,52.504128303238026,57.45252889539854,58.05176731381525,51.76843958740878
SOM,Somalia,4.199384475098819,,,42.956891315192905,8.597218956739102,4.924693785500252,91.32042192075744,90.00051934188346,100.0,87.77215899246849,88.67842637087402
DJI,Djibouti,10.749065394124752,15.753723934015621,97.84940798346304,28.45531271792388,4.323959255278389,4.811924956521432,48.22332358183111,49.967483040350544,60.356308358036145,62.35868499875781,67.36679420937877
ERI,Eritrea,100.0,,,19.416072166129076,5.433742440389441,4.811924956521432,51.11014212390729,78.9330155859495,86.22821224692241,100.0,86.37851118922897
