date,country_code,currency_code,lcu_per_usd
2026-09-04,DZA,DZD,133.300718
2026-09-04,BHR,BHD,0.376
2026-09-04,EGY,EGP,50.939253
2026-09-04,IRN,IRR,1453498.823232
2026-09-04,IRQ,IQD,1311.079298
2026-09-04,ISR,ILS,3.013531
2026-09-04,JOR,JOD,0.709
2026-09-04,KWT,KWD,0.308482
2026-09-04,LBN,LBP,89500.0
2026-09-04,LBY,LYD,6.352666
2026-09-04,MAR,MAD,9.347302
2026-09-04,OMN,OMR,0.384497
2026-09-04,QAT,QAR,3.64
2026-09-04,SAU,SAR,3.75
2026-09-04,SYR,SYP,121.724783
2026-09-04,TUN,TND,2.909169
2026-09-04,ARE,AED,3.6725
2026-09-04,YEM,YER,236.888119
2026-09-04,AFG,AFN,65.047028
2026-09-04,BGD,BDT,122.802052
2026-09-04,BTN,BTN,94.540337
2026-09-04,IND,INR,94.540498
2026-09-04,MDV,MVR,15.438425
2026-09-04,NPL,NPR,151.264539
2026-09-04,PAK,PKR,277.363614
2026-09-04,LKA,LKR,328.086434
2026-09-04,TUR,TRY,48.395263
2026-09-04,SDN,SDG,511.316011
2026-09-04,SSD,SSP,5781.751205
2026-09-04,ETH,ETB,162.402212
2026-09-04,SOM,SOS,571.606967
2026-09-04,DJI,DJF,177.721
2026-09-04,ERI,ERN,15.0
2026-09-05,DZA,DZD,133.338687
2026-09-05,BHR,BHD,0.376
2026-09-05,EGY,EGP,50.944245
2026-09-05,IRN,IRR,1421184.52444
2026-09-05,IRQ,IQD,1311.094196
2026-09-05,ISR,ILS,3.011277
2026-09-05,JOR,JOD,0.709
2026-09-05,KWT,KWD,0.308726
2026-09-05,LBN,LBP,89500.0
2026-09-05,LBY,LYD,6.352695
2026-09-05,MAR,MAD,9.348756
2026-09-05,OMN,OMR,0.384497
2026-09-05,QAT,QAR,3.64
2026-09-05,SAU,SAR,3.75
2026-09-05,SYR,SYP,121.840777
2026-09-05,TUN,TND,2.90854
2026-09-05,ARE,AED,3.6725
2026-09-05,YEM,YER,236.901682
2026-09-05,AFG,AFN,64.838212
2026-09-05,BGD,BDT,122.859412
2026-09-05,BTN,BTN,94.517585
2026-09-05,IND,INR,94.51761
2026-09-05,MDV,MVR,15.444121
2026-09-05,NPL,NPR,151.228136
2026-09-05,PAK,PKR,277.597405
2026-09-05,LKA,LKR,328.202304
2026-09-05,TUR,TRY,48.416604
2026-09-05,SDN,SDG,510.232995
2026-09-05,SSD,SSP,5651.327999
2026-09-05,ETH,ETB,162.347477
2026-09-05,SOM,SOS,571.60844
2026-09-05,DJI,DJF,177.721
2026-09-05,ERI,ERN,15.0
2026-09-06,DZA,DZD,133.33635
2026-09-06,BHR,BHD,0.376
2026-09-06,EGY,EGP,50.94352
2026-09-06,IRN,IRR,1525372.32493
2026-09-06,IRQ,IQD,1311.116771
2026-09-06,ISR,ILS,3.011083
2026-09-06,JOR,JOD,0.709
2026-09-06,KWT,KWD,0.308651
2026-09-06,LBN,LBP,89500.0
2026-09-06,LBY,LYD,6.352739
2026-09-06,MAR,MAD,9.352692
2026-09-06,OMN,OMR,0.384497
2026-09-06,QAT,QAR,3.64
2026-09-06,SAU,SAR,3.75
2026-09-06,SYR,SYP,121.835588
2026-09-06,TUN,TND,2.908875
2026-09-06,ARE,AED,3.6725
2026-09-06,YEM,YER,236.900344
2026-09-06,AFG,AFN,64.608723
2026-09-06,BGD,BDT,122.831584
2026-09-06,BTN,BTN,94.511589
2026-09-06,IND,INR,94.511608
2026-09-06,MDV,MVR,15.443796
2026-09-06,NPL,NPR,151.218543
2026-09-06,PAK,PKR,277.545452
2026-09-06,LKA,LKR,328.195459
2026-09-06,TUR,TRY,48.42404
2026-09-06,SDN,SDG,508.591941
2026-09-06,SSD,SSP,5651.319153
2026-09-06,ETH,ETB,161.610306
2026-09-06,SOM,SOS,571.610671
2026-09-06,DJI,DJF,177.721
2026-09-06,ERI,ERN,15.0
2026-09-07,DZA,DZD,133.203966
2026-09-07,BHR,BHD,0.376
2026-09-07,EGY,EGP,50.891949
2026-09-07,IRN,IRR,1562177.774911
2026-09-07,IRQ,IQD,1311.214516
2026-09-07,ISR,ILS,3.012202
2026-09-07,JOR,JOD,0.709
2026-09-07,KWT,KWD,0.308258
2026-09-07,LBN,LBP,89500.0
2026-09-07,LBY,LYD,6.345992
2026-09-07,MAR,MAD,9.352694
2026-09-07,OMN,OMR,0.384497
2026-09-07,QAT,QAR,3.64
2026-09-07,SAU,SAR,3.75
2026-09-07,SYR,SYP,121.693355
2026-09-07,TUN,TND,2.908638
2026-09-07,ARE,AED,3.6725
2026-09-07,YEM,YER,236.926198
2026-09-07,AFG,AFN,65.040818
2026-09-07,BGD,BDT,122.927897
2026-09-07,BTN,BTN,94.531909
2026-09-07,IND,INR,94.547339
2026-09-07,MDV,MVR,15.438463
2026-09-07,NPL,NPR,151.251054
2026-09-07,PAK,PKR,277.621001
2026-09-07,LKA,LKR,327.866155
2026-09-07,TUR,TRY,48.46032
2026-09-07,SDN,SDG,458.784189
2026-09-07,SSD,SSP,5651.275099
2026-09-07,ETH,ETB,161.366936
2026-09-07,SOM,SOS,571.420578
2026-09-07,DJI,DJF,177.721
2026-09-07,ERI,ERN,15.0
2026-09-08,DZA,DZD,133.246014
2026-09-08,BHR,BHD,0.376
2026-09-08,EGY,EGP,50.919029
2026-09-08,IRN,IRR,1480395.445627
2026-09-08,IRQ,IQD,1311.2573
2026-09-08,ISR,ILS,3.013817
2026-09-08,JOR,JOD,0.709
2026-09-08,KWT,KWD,0.308639
2026-09-08,LBN,LBP,89500.0
2026-09-08,LBY,LYD,6.345857
2026-09-08,MAR,MAD,9.387207
2026-09-08,OMN,OMR,0.384497
2026-09-08,QAT,QAR,3.64
2026-09-08,SAU,SAR,3.75
2026-09-08,SYR,SYP,121.754291
2026-09-08,TUN,TND,2.906817
2026-09-08,ARE,AED,3.6725
2026-09-08,YEM,YER,236.996632
2026-09-08,AFG,AFN,64.812216
2026-09-08,BGD,BDT,122.953206
2026-09-08,BTN,BTN,94.548386
2026-09-08,IND,INR,94.544084
2026-09-08,MDV,MVR,15.445396
2026-09-08,NPL,NPR,151.277418
2026-09-08,PAK,PKR,277.660662
2026-09-08,LKA,LKR,328.080329
2026-09-08,TUR,TRY,48.458036
2026-09-08,SDN,SDG,454.329699
2026-09-08,SSD,SSP,5651.3847
2026-09-08,ETH,ETB,161.210936
2026-09-08,SOM,SOS,571.418518
2026-09-08,DJI,DJF,177.721
2026-09-08,ERI,ERN,15.0
2026-09-09,DZA,DZD,133.144741
2026-09-09,BHR,BHD,0.376
2026-09-09,EGY,EGP,51.022516
2026-09-09,IRN,IRR,1465710.756919
2026-09-09,IRQ,IQD,1310.4613
2026-09-09,ISR,ILS,3.018231
2026-09-09,JOR,JOD,0.709
2026-09-09,KWT,KWD,0.308568
2026-09-09,LBN,LBP,89500.0
2026-09-09,LBY,LYD,6.345773
2026-09-09,MAR,MAD,9.387544
2026-09-09,OMN,OMR,0.384497
2026-09-09,QAT,QAR,3.64
2026-09-09,SAU,SAR,3.75
2026-09-09,SYR,SYP,121.70322
2026-09-09,TUN,TND,2.904347
2026-09-09,ARE,AED,3.6725
2026-09-09,YEM,YER,236.935108
2026-09-09,AFG,AFN,64.779047
2026-09-09,BGD,BDT,122.859871
2026-09-09,BTN,BTN,94.831778
2026-09-09,IND,INR,94.843169
2026-09-09,MDV,MVR,15.444527
2026-09-09,NPL,NPR,151.730845
2026-09-09,PAK,PKR,277.534679
2026-09-09,LKA,LKR,328.310831
2026-09-09,TUR,TRY,48.468802
2026-09-09,SDN,SDG,449.202589
2026-09-09,SSD,SSP,5651.386261
2026-09-09,ETH,ETB,161.260184
2026-09-09,SOM,SOS,571.049165
2026-09-09,DJI,DJF,177.721
2026-09-09,ERI,ERN,15.0
2026-09-10,DZA,DZD,133.022245
2026-09-10,BHR,BHD,0.376
2026-09-10,EGY,EGP,51.199677
2026-09-10,IRN,IRR,1440653.025394
2026-09-10,IRQ,IQD,1311.249965
2026-09-10,ISR,ILS,3.021419
2026-09-10,JOR,JOD,0.709
2026-09-10,KWT,KWD,0.307958
2026-09-10,LBN,LBP,89500.0
2026-09-10,LBY,LYD,6.331344
2026-09-10,MAR,MAD,9.359748
2026-09-10,OMN,OMR,0.384497
2026-09-10,QAT,QAR,3.64
2026-09-10,SAU,SAR,3.75
2026-09-10,SYR,SYP,121.738774
2026-09-10,TUN,TND,2.903023
2026-09-10,ARE,AED,3.6725
2026-09-10,YEM,YER,236.861211
2026-09-10,AFG,AFN,64.552189
2026-09-10,BGD,BDT,122.970705
2026-09-10,BTN,BTN,95.11917
2026-09-10,IND,INR,95.121034
2026-09-10,MDV,MVR,15.445212
2026-09-10,NPL,NPR,152.190672
2026-09-10,PAK,PKR,277.280515
2026-09-10,LKA,LKR,328.081162
2026-09-10,TUR,TRY,48.51277
2026-09-10,SDN,SDG,544.440536
2026-09-10,SSD,SSP,5654.220371
2026-09-10,ETH,ETB,161.130706
2026-09-10,SOM,SOS,571.744589
2026-09-10,DJI,DJF,177.721
2026-09-10,ERI,ERN,15.0
2026-09-11,DZA,DZD,133.134635
2026-09-11,BHR,BHD,0.376
2026-09-11,EGY,EGP,51.336524
2026-09-11,IRN,IRR,1453530.607087
2026-09-11,IRQ,IQD,1310.989427
2026-09-11,ISR,ILS,3.04291
2026-09-11,JOR,JOD,0.709
2026-09-11,KWT,KWD,0.308137
2026-09-11,LBN,LBP,89500.0
2026-09-11,LBY,LYD,6.327352
2026-09-11,MAR,MAD,9.371139
2026-09-11,OMN,OMR,0.384497
2026-09-11,QAT,QAR,3.64
2026-09-11,SAU,SAR,3.75
2026-09-11,SYR,SYP,121.88911
2026-09-11,TUN,TND,2.906588
2026-09-11,ARE,AED,3.6725
2026-09-11,YEM,YER,237.221719
2026-09-11,AFG,AFN,64.824303
2026-09-11,BGD,BDT,123.238498
2026-09-11,BTN,BTN,95.530159
2026-09-11,IND,INR,95.513702
2026-09-11,MDV,MVR,15.449906
2026-09-11,NPL,NPR,152.848255
2026-09-11,PAK,PKR,277.640129
2026-09-11,LKA,LKR,328.25706
2026-09-11,TUR,TRY,48.555732
2026-09-11,SDN,SDG,511.892075
2026-09-11,SSD,SSP,5652.925964
2026-09-11,ETH,ETB,161.270767
2026-09-11,SOM,SOS,571.510149
2026-09-11,DJI,DJF,177.721
2026-09-11,ERI,ERN,15.0
2026-09-12,DZA,DZD,133.117061
2026-09-12,BHR,BHD,0.376
2026-09-12,EGY,EGP,51.351123
2026-09-12,IRN,IRR,1420227.797387
2026-09-12,IRQ,IQD,1310.981106
2026-09-12,ISR,ILS,3.037662
2026-09-12,JOR,JOD,0.709
2026-09-12,KWT,KWD,0.308232
2026-09-12,LBN,LBP,89500.0
2026-09-12,LBY,LYD,6.327292
2026-09-12,MAR,MAD,9.372466
2026-09-12,OMN,OMR,0.384497
2026-09-12,QAT,QAR,3.64
2026-09-12,SAU,SAR,3.75
2026-09-12,SYR,SYP,121.962089
2026-09-12,TUN,TND,2.908892
2026-09-12,ARE,AED,3.6725
2026-09-12,YEM,YER,237.162444
2026-09-12,AFG,AFN,64.593353
2026-09-12,BGD,BDT,123.292723
2026-09-12,BTN,BTN,95.604303
2026-09-12,IND,INR,95.601765
2026-09-12,MDV,MVR,15.454904
2026-09-12,NPL,NPR,152.966884
2026-09-12,PAK,PKR,277.716932
2026-09-12,LKA,LKR,328.251404
2026-09-12,TUR,TRY,48.60301
2026-09-12,SDN,SDG,510.852435
2026-09-12,SSD,SSP,5652.106409
2026-09-12,ETH,ETB,161.103492
2026-09-12,SOM,SOS,571.502661
2026-09-12,DJI,DJF,177.721
2026-09-12,ERI,ERN,15.0
2026-09-13,DZA,DZD,133.115934
2026-09-13,BHR,BHD,0.376
2026-09-13,EGY,EGP,51.34216
2026-09-13,IRN,IRR,1522297.130999
2026-09-13,IRQ,IQD,1310.968471
2026-09-13,ISR,ILS,3.039012
2026-09-13,JOR,JOD,0.709
2026-09-13,KWT,KWD,0.308184
2026-09-13,LBN,LBP,89500.0
2026-09-13,LBY,LYD,6.3272
2026-09-13,MAR,MAD,9.39346
2026-09-13,OMN,OMR,0.384497
2026-09-13,QAT,QAR,3.64
2026-09-13,SAU,SAR,3.75
2026-09-13,SYR,SYP,121.957862
2026-09-13,TUN,TND,2.907565
2026-09-13,ARE,AED,3.6725
2026-09-13,YEM,YER,237.163558
2026-09-13,AFG,AFN,64.418586
2026-09-13,BGD,BDT,123.149013
2026-09-13,BTN,BTN,95.578926
2026-09-13,IND,INR,95.579151
2026-09-13,MDV,MVR,15.454497
2026-09-13,NPL,NPR,152.926282
2026-09-13,PAK,PKR,277.691454
2026-09-13,LKA,LKR,328.195332
2026-09-13,TUR,TRY,48.598129
2026-09-13,SDN,SDG,509.273968
2026-09-13,SSD,SSP,5651.686716
2026-09-13,ETH,ETB,161.410404
2026-09-13,SOM,SOS,571.491292
2026-09-13,DJI,DJF,177.721
2026-09-13,ERI,ERN,15.0
2026-09-14,DZA,DZD,133.214557
2026-09-14,BHR,BHD,0.376
2026-09-14,EGY,EGP,51.377954
2026-09-14,IRN,IRR,1559473.553951
2026-09-14,IRQ,IQD,1310.958162
2026-09-14,ISR,ILS,3.033646
2026-09-14,JOR,JOD,0.709
2026-09-14,KWT,KWD,0.307954
2026-09-14,LBN,LBP,89500.0
2026-09-14,LBY,LYD,6.32569
2026-09-14,MAR,MAD,9.403108
2026-09-14,OMN,OMR,0.384497
2026-09-14,QAT,QAR,3.64
2026-09-14,SAU,SAR,3.75
2026-09-14,SYR,SYP,121.719418
2026-09-14,TUN,TND,2.907946
2026-09-14,ARE,AED,3.6725
2026-09-14,YEM,YER,237.0396
2026-09-14,AFG,AFN,64.767263
2026-09-14,BGD,BDT,123.334419
2026-09-14,BTN,BTN,95.646297
2026-09-14,IND,INR,95.613964
2026-09-14,MDV,MVR,15.458601
2026-09-14,NPL,NPR,153.034076
2026-09-14,PAK,PKR,277.589643
2026-09-14,LKA,LKR,328.357447
2026-09-14,TUR,TRY,48.614633
2026-09-14,SDN,SDG,458.764503
2026-09-14,SSD,SSP,5651.602945
2026-09-14,ETH,ETB,161.46801
2026-09-14,SOM,SOS,571.29867
2026-09-14,DJI,DJF,177.721
2026-09-14,ERI,ERN,15.0
2026-09-15,DZA,DZD,133.412737
2026-09-15,BHR,BHD,0.376
2026-09-15,EGY,EGP,51.827004
2026-09-15,IRN,IRR,1466919.759851
2026-09-15,IRQ,IQD,1311.545953
2026-09-15,ISR,ILS,3.046651
2026-09-15,JOR,JOD,0.709
2026-09-15,KWT,KWD,0.308467
2026-09-15,LBN,LBP,89500.0
2026-09-15,LBY,LYD,6.325437
2026-09-15,MAR,MAD,9.457856
2026-09-15,OMN,OMR,0.384497
2026-09-15,QAT,QAR,3.64
2026-09-15,SAU,SAR,3.75
2026-09-15,SYR,SYP,121.662332
2026-09-15,TUN,TND,2.920814
2026-09-15,ARE,AED,3.6725
2026-09-15,YEM,YER,236.907422
2026-09-15,AFG,AFN,64.425496
2026-09-15,BGD,BDT,123.16127
2026-09-15,BTN,BTN,95.659031
2026-09-15,IND,INR,95.674534
2026-09-15,MDV,MVR,15.435451
2026-09-15,NPL,NPR,153.05445
2026-09-15,PAK,PKR,277.757506
2026-09-15,LKA,LKR,328.578935
2026-09-15,TUR,TRY,48.636754
2026-09-15,SDN,SDG,454.424961
2026-09-15,SSD,SSP,5651.472496
2026-09-15,ETH,ETB,161.609935
2026-09-15,SOM,SOS,571.537891
2026-09-15,DJI,DJF,177.721
2026-09-15,ERI,ERN,15.0
2026-09-16,DZA,DZD,133.653783
2026-09-16,BHR,BHD,0.376
2026-09-16,EGY,EGP,52.063931
2026-09-16,IRN,IRR,1468180.948497
2026-09-16,IRQ,IQD,1311.962011
2026-09-16,ISR,ILS,3.040812
2026-09-16,JOR,JOD,0.709
2026-09-16,KWT,KWD,0.308429
2026-09-16,LBN,LBP,89500.0
2026-09-16,LBY,LYD,6.334955
2026-09-16,MAR,MAD,9.479216
2026-09-16,OMN,OMR,0.384497
2026-09-16,QAT,QAR,3.64
2026-09-16,SAU,SAR,3.75
2026-09-16,SYR,SYP,121.681951
2026-09-16,TUN,TND,2.920106
2026-09-16,ARE,AED,3.6725
2026-09-16,YEM,YER,236.679985
2026-09-16,AFG,AFN,64.662111
2026-09-16,BGD,BDT,123.098065
2026-09-16,BTN,BTN,96.00051
2026-09-16,IND,INR,95.989284
2026-09-16,MDV,MVR,15.439577
2026-09-16,NPL,NPR,153.600816
2026-09-16,PAK,PKR,277.720685
2026-09-16,LKA,LKR,328.79355
2026-09-16,TUR,TRY,48.664559
2026-09-16,SDN,SDG,449.085823
2026-09-16,SSD,SSP,5651.430462
2026-09-16,ETH,ETB,161.76509
2026-09-16,SOM,SOS,571.701165
2026-09-16,DJI,DJF,177.721
2026-09-16,ERI,ERN,15.0
2026-09-17,DZA,DZD,133.749593
2026-09-17,BHR,BHD,0.376
2026-09-17,EGY,EGP,52.18941
2026-09-17,IRN,IRR,1407923.935886
2026-09-17,IRQ,IQD,1311.463335
2026-09-17,ISR,ILS,3.039763
2026-09-17,JOR,JOD,0.709
2026-09-17,KWT,KWD,0.308151
2026-09-17,LBN,LBP,89500.0
2026-09-17,LBY,LYD,6.354681
2026-09-17,MAR,MAD,9.459634
2026-09-17,OMN,OMR,0.384497
2026-09-17,QAT,QAR,3.64
2026-09-17,SAU,SAR,3.75
2026-09-17,SYR,SYP,121.871145
2026-09-17,TUN,TND,2.916668
2026-09-17,ARE,AED,3.6725
2026-09-17,YEM,YER,236.681887
2026-09-17,AFG,AFN,64.65149
2026-09-17,BGD,BDT,123.112197
2026-09-17,BTN,BTN,96.031363
2026-09-17,IND,INR,96.021592
2026-09-17,MDV,MVR,15.451835
2026-09-17,NPL,NPR,153.65018
2026-09-17,PAK,PKR,277.510311
2026-09-17,LKA,LKR,331.016113
2026-09-17,TUR,TRY,48.68476
2026-09-17,SDN,SDG,544.265793
2026-09-17,SSD,SSP,5654.992034
2026-09-17,ETH,ETB,161.898455
2026-09-17,SOM,SOS,571.892221
2026-09-17,DJI,DJF,177.721
2026-09-17,ERI,ERN,15.0
2026-09-18,DZA,DZD,133.801405
2026-09-18,BHR,BHD,0.376
2026-09-18,EGY,EGP,52.136987
2026-09-18,IRN,IRR,1393138.133696
2026-09-18,IRQ,IQD,1309.264006
2026-09-18,ISR,ILS,3.028849
2026-09-18,JOR,JOD,0.709
2026-09-18,KWT,KWD,0.308234
2026-09-18,LBN,LBP,89500.0
2026-09-18,LBY,LYD,6.35366
2026-09-18,MAR,MAD,9.490103
2026-09-18,OMN,OMR,0.384497
2026-09-18,QAT,QAR,3.64
2026-09-18,SAU,SAR,3.75
2026-09-18,SYR,SYP,121.768733
2026-09-18,TUN,TND,2.923215
2026-09-18,ARE,AED,3.6725
2026-09-18,YEM,YER,236.558297
2026-09-18,AFG,AFN,64.708309
2026-09-18,BGD,BDT,123.056036
2026-09-18,BTN,BTN,95.958331
2026-09-18,IND,INR,95.957344
2026-09-18,MDV,MVR,15.444875
2026-09-18,NPL,NPR,153.53333
2026-09-18,PAK,PKR,277.281209
2026-09-18,LKA,LKR,331.883648
2026-09-18,TUR,TRY,48.731403
2026-09-18,SDN,SDG,511.647042
2026-09-18,SSD,SSP,5653.347199
2026-09-18,ETH,ETB,161.326226
2026-09-18,SOM,SOS,571.587905
2026-09-18,DJI,DJF,177.721
2026-09-18,ERI,ERN,15.0
2026-09-19,DZA,DZD,133.818406
2026-09-19,BHR,BHD,0.376
2026-09-19,EGY,EGP,52.135355
2026-09-19,IRN,IRR,1382272.058914
2026-09-19,IRQ,IQD,1309.241712
2026-09-19,ISR,ILS,3.031729
2026-09-19,JOR,JOD,0.709
2026-09-19,KWT,KWD,0.308118
2026-09-19,LBN,LBP,89500.0
2026-09-19,LBY,LYD,6.353625
2026-09-19,MAR,MAD,9.46561
2026-09-19,OMN,OMR,0.384497
2026-09-19,QAT,QAR,3.64
2026-09-19,SAU,SAR,3.75
2026-09-19,SYR,SYP,121.884242
2026-09-19,TUN,TND,2.933682
2026-09-19,ARE,AED,3.6725
2026-09-19,YEM,YER,236.573032
2026-09-19,AFG,AFN,64.624307
2026-09-19,BGD,BDT,122.858054
2026-09-19,BTN,BTN,95.9932
2026-09-19,IND,INR,95.989567
2026-09-19,MDV,MVR,15.446412
2026-09-19,NPL,NPR,153.58912
2026-09-19,PAK,PKR,277.421451
2026-09-19,LKA,LKR,331.370661
2026-09-19,TUR,TRY,48.782361
2026-09-19,SDN,SDG,510.607098
2026-09-19,SSD,SSP,5652.264651
2026-09-19,ETH,ETB,161.611383
2026-09-19,SOM,SOS,571.583013
2026-09-19,DJI,DJF,177.721
2026-09-19,ERI,ERN,15.0
2026-09-20,DZA,DZD,134.925065
2026-09-20,BHR,BHD,0.376
2026-09-20,EGY,EGP,52.137035
2026-09-20,IRN,IRR,1475242.717281
2026-09-20,IRQ,IQD,1322.500221
2026-09-20,ISR,ILS,3.03391
2026-09-20,JOR,JOD,0.709
2026-09-20,KWT,KWD,0.309208
2026-09-20,LBN,LBP,89500.0
2026-09-20,LBY,LYD,6.412501
2026-09-20,MAR,MAD,9.496609
2026-09-20,OMN,OMR,0.384497
2026-09-20,QAT,QAR,3.64
2026-09-20,SAU,SAR,3.75
2026-09-20,SYR,SYP,123.082286
2026-09-20,TUN,TND,2.936316
2026-09-20,ARE,AED,3.6725
2026-09-20,YEM,YER,238.74819
2026-09-20,AFG,AFN,64.919762
2026-09-20,BGD,BDT,123.324304
2026-09-20,BTN,BTN,95.949129
2026-09-20,IND,INR,95.940282
2026-09-20,MDV,MVR,15.583208
2026-09-20,NPL,NPR,153.518606
2026-09-20,PAK,PKR,278.631272
2026-09-20,LKA,LKR,331.272976
2026-09-20,TUR,TRY,48.803762
2026-09-20,SDN,SDG,592.069389
2026-09-20,SSD,SSP,5676.046283
2026-09-20,ETH,ETB,161.759131
2026-09-20,SOM,SOS,577.013225
2026-09-20,DJI,DJF,177.721
2026-09-20,ERI,ERN,15.0
2026-09-21,DZA,DZD,134.227174
2026-09-21,BHR,BHD,0.376
2026-09-21,EGY,EGP,52.042641
2026-09-21,IRN,IRR,1524355.558785
2026-09-21,IRQ,IQD,1314.594062
2026-09-21,ISR,ILS,3.032393
2026-09-21,JOR,JOD,0.709
2026-09-21,KWT,KWD,0.308712
2026-09-21,LBN,LBP,89500.0
2026-09-21,LBY,LYD,6.379541
2026-09-21,MAR,MAD,9.537366
2026-09-21,OMN,OMR,0.384497
2026-09-21,QAT,QAR,3.64
2026-09-21,SAU,SAR,3.75
2026-09-21,SYR,SYP,122.169384
2026-09-21,TUN,TND,2.925407
2026-09-21,ARE,AED,3.6725
2026-09-21,YEM,YER,237.366669
2026-09-21,AFG,AFN,64.809738
2026-09-21,BGD,BDT,123.082403
2026-09-21,BTN,BTN,96.050469
2026-09-21,IND,INR,96.03698
2026-09-21,MDV,MVR,15.467075
2026-09-21,NPL,NPR,153.680751
2026-09-21,PAK,PKR,277.926206
2026-09-21,LKA,LKR,330.098525
2026-09-21,TUR,TRY,48.794548
2026-09-21,SDN,SDG,513.51535
2026-09-21,SSD,SSP,5664.74587
2026-09-21,ETH,ETB,161.318693
2026-09-21,SOM,SOS,573.915866
2026-09-21,DJI,DJF,177.721
2026-09-21,ERI,ERN,15.0
2026-09-22,DZA,DZD,133.801195
2026-09-22,BHR,BHD,0.376
2026-09-22,EGY,EGP,51.928286
2026-09-22,IRN,IRR,1497586.74469
2026-09-22,IRQ,IQD,1311.506614
2026-09-22,ISR,ILS,3.01799
2026-09-22,JOR,JOD,0.709
2026-09-22,KWT,KWD,0.308357
2026-09-22,LBN,LBP,89500.0
2026-09-22,LBY,LYD,6.36667
2026-09-22,MAR,MAD,9.531362
2026-09-22,OMN,OMR,0.384497
2026-09-22,QAT,QAR,3.64
2026-09-22,SAU,SAR,3.75
2026-09-22,SYR,SYP,121.779536
2026-09-22,TUN,TND,2.936112
2026-09-22,ARE,AED,3.6725
2026-09-22,YEM,YER,236.69645
2026-09-22,AFG,AFN,64.734514
2026-09-22,BGD,BDT,122.759188
2026-09-22,BTN,BTN,95.868787
2026-09-22,IND,INR,95.873393
2026-09-22,MDV,MVR,15.445387
2026-09-22,NPL,NPR,153.390059
2026-09-22,PAK,PKR,277.425913
2026-09-22,LKA,LKR,330.640925
2026-09-22,TUR,TRY,48.824225
2026-09-22,SDN,SDG,482.839078
2026-09-22,SSD,SSP,5657.544098
2026-09-22,ETH,ETB,161.385158
2026-09-22,SOM,SOS,572.706311
2026-09-22,DJI,DJF,177.721
2026-09-22,ERI,ERN,15.0
2026-09-23,DZA,DZD,133.906224
2026-09-23,BHR,BHD,0.376
2026-09-23,EGY,EGP,51.655442
2026-09-23,IRN,IRR,1469759.963413
2026-09-23,IRQ,IQD,1309.497779
2026-09-23,ISR,ILS,3.009744
2026-09-23,JOR,JOD,0.709
2026-09-23,KWT,KWD,0.308597
2026-09-23,LBN,LBP,89500.0
2026-09-23,LBY,LYD,6.373201
2026-09-23,MAR,MAD,9.547453
2026-09-23,OMN,OMR,0.384497
2026-09-23,QAT,QAR,3.64
2026-09-23,SAU,SAR,3.75
2026-09-23,SYR,SYP,121.813395
2026-09-23,TUN,TND,2.943396
2026-09-23,ARE,AED,3.6725
2026-09-23,YEM,YER,236.753429
2026-09-23,AFG,AFN,64.786648
2026-09-23,BGD,BDT,122.85949
2026-09-23,BTN,BTN,95.661556
2026-09-23,IND,INR,95.647843
2026-09-23,MDV,MVR,15.457776
2026-09-23,NPL,NPR,153.05849
2026-09-23,PAK,PKR,277.129099
2026-09-23,LKA,LKR,330.278747
2026-09-23,TUR,TRY,48.831559
2026-09-23,SDN,SDG,462.879692
2026-09-23,SSD,SSP,5653.885351
2026-09-23,ETH,ETB,161.41035
2026-09-23,SOM,SOS,571.919319
2026-09-23,DJI,DJF,177.721
2026-09-23,ERI,ERN,15.0
2026-09-24,DZA,DZD,133.671187
2026-09-24,BHR,BHD,0.376
2026-09-24,EGY,EGP,51.418308
2026-09-24,IRN,IRR,1443238.315202
2026-09-24,IRQ,IQD,1308.445398
2026-09-24,ISR,ILS,3.026363
2026-09-24,JOR,JOD,0.709
2026-09-24,KWT,KWD,0.308559
2026-09-24,LBN,LBP,89500.0
2026-09-24,LBY,LYD,6.367781
2026-09-24,MAR,MAD,9.588228
2026-09-24,OMN,OMR,0.384497
2026-09-24,QAT,QAR,3.64
2026-09-24,SAU,SAR,3.75
2026-09-24,SYR,SYP,121.73648
2026-09-24,TUN,TND,2.953589
2026-09-24,ARE,AED,3.6725
2026-09-24,YEM,YER,236.417382
2026-09-24,AFG,AFN,64.553044
2026-09-24,BGD,BDT,122.870165
2026-09-24,BTN,BTN,95.808597
2026-09-24,IND,INR,95.809144
2026-09-24,MDV,MVR,15.445888
2026-09-24,NPL,NPR,153.293755
2026-09-24,PAK,PKR,276.970859
2026-09-24,LKA,LKR,329.32014
2026-09-24,TUR,TRY,48.861703
2026-09-24,SDN,SDG,543.543469
2026-09-24,SSD,SSP,5673.070321
2026-09-24,ETH,ETB,161.922061
2026-09-24,SOM,SOS,571.110168
2026-09-24,DJI,DJF,177.721
2026-09-24,ERI,ERN,15.0
2026-09-25,DZA,DZD,133.86951
2026-09-25,BHR,BHD,0.376
2026-09-25,EGY,EGP,51.695271
2026-09-25,IRN,IRR,1536627.294437
2026-09-25,IRQ,IQD,1308.959349
2026-09-25,ISR,ILS,3.045338
2026-09-25,JOR,JOD,0.709
2026-09-25,KWT,KWD,0.308632
2026-09-25,LBN,LBP,89500.0
2026-09-25,LBY,LYD,6.375085
2026-09-25,MAR,MAD,9.617225
2026-09-25,OMN,OMR,0.384497
2026-09-25,QAT,QAR,3.64
2026-09-25,SAU,SAR,3.75
2026-09-25,SYR,SYP,121.779993
2026-09-25,TUN,TND,2.953357
2026-09-25,ARE,AED,3.6725
2026-09-25,YEM,YER,236.573578
2026-09-25,AFG,AFN,64.531374
2026-09-25,BGD,BDT,122.901617
2026-09-25,BTN,BTN,96.014729
2026-09-25,IND,INR,96.015075
2026-09-25,MDV,MVR,15.443442
2026-09-25,NPL,NPR,153.623567
2026-09-25,PAK,PKR,277.385539
2026-09-25,LKA,LKR,329.812449
2026-09-25,TUR,TRY,48.894398
2026-09-25,SDN,SDG,511.441709
2026-09-25,SSD,SSP,5663.182152
2026-09-25,ETH,ETB,162.672934
2026-09-25,SOM,SOS,571.475866
2026-09-25,DJI,DJF,177.721
2026-09-25,ERI,ERN,15.0
2026-09-26,DZA,DZD,133.826922
2026-09-26,BHR,BHD,0.376
2026-09-26,EGY,EGP,51.682464
2026-09-26,IRN,IRR,1541044.581873
2026-09-26,IRQ,IQD,1308.965796
2026-09-26,ISR,ILS,3.043694
2026-09-26,JOR,JOD,0.709
2026-09-26,KWT,KWD,0.308492
2026-09-26,LBN,LBP,89500.0
2026-09-26,LBY,LYD,6.375202
2026-09-26,MAR,MAD,9.5923
2026-09-26,OMN,OMR,0.384497
2026-09-26,QAT,QAR,3.64
2026-09-26,SAU,SAR,3.75
2026-09-26,SYR,SYP,121.845703
2026-09-26,TUN,TND,2.948313
2026-09-26,ARE,AED,3.6725
2026-09-26,YEM,YER,236.504073
2026-09-26,AFG,AFN,64.660102
2026-09-26,BGD,BDT,122.838351
2026-09-26,BTN,BTN,95.91854
2026-09-26,IND,INR,95.918696
2026-09-26,MDV,MVR,15.445967
2026-09-26,NPL,NPR,153.469663
2026-09-26,PAK,PKR,276.956128
2026-09-26,LKA,LKR,329.923447
2026-09-26,TUR,TRY,48.919186
2026-09-26,SDN,SDG,510.412998
2026-09-26,SSD,SSP,5656.854269
2026-09-26,ETH,ETB,162.612883
2026-09-26,SOM,SOS,571.483192
2026-09-26,DJI,DJF,177.721
2026-09-26,ERI,ERN,15.0
2026-09-27,DZA,DZD,133.832317
2026-09-27,BHR,BHD,0.376
2026-09-27,EGY,EGP,51.752763
2026-09-27,IRN,IRR,1585072.118873
2026-09-27,IRQ,IQD,1308.975584
2026-09-27,ISR,ILS,3.044007
2026-09-27,JOR,JOD,0.709
2026-09-27,KWT,KWD,0.308462
2026-09-27,LBN,LBP,89500.0
2026-09-27,LBY,LYD,6.375379
2026-09-27,MAR,MAD,9.593222
2026-09-27,OMN,OMR,0.384497
2026-09-27,QAT,QAR,3.64
2026-09-27,SAU,SAR,3.75
2026-09-27,SYR,SYP,121.843708
2026-09-27,TUN,TND,2.95077
2026-09-27,ARE,AED,3.6725
2026-09-27,YEM,YER,236.509265
2026-09-27,AFG,AFN,64.855346
2026-09-27,BGD,BDT,123.005695
2026-09-27,BTN,BTN,95.878806
2026-09-27,IND,INR,95.878915
2026-09-27,MDV,MVR,15.445889
2026-09-27,NPL,NPR,153.406089
2026-09-27,PAK,PKR,277.004436
2026-09-27,LKA,LKR,330.277649
2026-09-27,TUR,TRY,48.91058
2026-09-27,SDN,SDG,508.851036
2026-09-27,SSD,SSP,5993.370556
2026-09-27,ETH,ETB,162.81669
2026-09-27,SOM,SOS,571.494315
2026-09-27,DJI,DJF,177.721
2026-09-27,ERI,ERN,15.0
2026-09-28,DZA,DZD,133.749756
2026-09-28,BHR,BHD,0.376
2026-09-28,EGY,EGP,51.744321
2026-09-28,IRN,IRR,1601445.352353
2026-09-28,IRQ,IQD,1309.290097
2026-09-28,ISR,ILS,3.045597
2026-09-28,JOR,JOD,0.709
2026-09-28,KWT,KWD,0.308332
2026-09-28,LBN,LBP,89500.0
2026-09-28,LBY,LYD,6.39137
2026-09-28,MAR,MAD,9.59777
2026-09-28,OMN,OMR,0.384497
2026-09-28,QAT,QAR,3.64
2026-09-28,SAU,SAR,3.75
2026-09-28,SYR,SYP,121.690091
2026-09-28,TUN,TND,2.947661
2026-09-28,ARE,AED,3.6725
2026-09-28,YEM,YER,236.507833
2026-09-28,AFG,AFN,64.382574
2026-09-28,BGD,BDT,122.984636
2026-09-28,BTN,BTN,95.933534
2026-09-28,IND,INR,95.927874
2026-09-28,MDV,MVR,15.439048
2026-09-28,NPL,NPR,153.493654
2026-09-28,PAK,PKR,276.909534
2026-09-28,LKA,LKR,330.026559
2026-09-28,TUR,TRY,48.948487
2026-09-28,SDN,SDG,458.664298
2026-09-28,SSD,SSP,5996.789368
2026-09-28,ETH,ETB,162.473672
2026-09-28,SOM,SOS,571.851717
2026-09-28,DJI,DJF,177.721
2026-09-28,ERI,ERN,15.0
2026-09-29,DZA,DZD,133.809466
2026-09-29,BHR,BHD,0.376
2026-09-29,EGY,EGP,52.070874
2026-09-29,IRN,IRR,1570961.837783
2026-09-29,IRQ,IQD,1309.31788
2026-09-29,ISR,ILS,3.069475
2026-09-29,JOR,JOD,0.709
2026-09-29,KWT,KWD,0.308645
2026-09-29,LBN,LBP,89500.0
2026-09-29,LBY,LYD,6.392196
2026-09-29,MAR,MAD,9.636484
2026-09-29,OMN,OMR,0.384497
2026-09-29,QAT,QAR,3.64
2026-09-29,SAU,SAR,3.75
2026-09-29,SYR,SYP,121.678073
2026-09-29,TUN,TND,2.946569
2026-09-29,ARE,AED,3.6725
2026-09-29,YEM,YER,236.510955
2026-09-29,AFG,AFN,64.382573
2026-09-29,BGD,BDT,123.051589
2026-09-29,BTN,BTN,96.070349
2026-09-29,IND,INR,96.069945
2026-09-29,MDV,MVR,15.442371
2026-09-29,NPL,NPR,153.712558
2026-09-29,PAK,PKR,276.962836
2026-09-29,LKA,LKR,330.654542
2026-09-29,TUR,TRY,48.997476
2026-09-29,SDN,SDG,454.230994
2026-09-29,SSD,SSP,5652.318616
2026-09-29,ETH,ETB,162.376285
2026-09-29,SOM,SOS,571.883288
2026-09-29,DJI,DJF,177.721
2026-09-29,ERI,ERN,15.0
2026-09-30,DZA,DZD,133.696802
2026-09-30,BHR,BHD,0.376
2026-09-30,EGY,EGP,52.092039
2026-09-30,IRN,IRR,1581176.625196
2026-09-30,IRQ,IQD,1309.348067
2026-09-30,ISR,ILS,3.067636
2026-09-30,JOR,JOD,0.709
2026-09-30,KWT,KWD,0.308442
2026-09-30,LBN,LBP,89500.0
2026-09-30,LBY,LYD,6.39375
2026-09-30,MAR,MAD,9.664656
2026-09-30,OMN,OMR,0.384497
2026-09-30,QAT,QAR,3.64
2026-09-30,SAU,SAR,3.75
2026-09-30,SYR,SYP,121.554311
2026-09-30,TUN,TND,2.971269
2026-09-30,ARE,AED,3.6725
2026-09-30,YEM,YER,236.299922
2026-09-30,AFG,AFN,64.658756
2026-09-30,BGD,BDT,122.977549
2026-09-30,BTN,BTN,96.057754
2026-09-30,IND,INR,96.063464
2026-09-30,MDV,MVR,15.43508
2026-09-30,NPL,NPR,153.692407
2026-09-30,PAK,PKR,276.877066
2026-09-30,LKA,LKR,330.631897
2026-09-30,TUR,TRY,49.017982
2026-09-30,SDN,SDG,449.414057
2026-09-30,SSD,SSP,6077.453114
2026-09-30,ETH,ETB,162.454208
2026-09-30,SOM,SOS,571.917592
2026-09-30,DJI,DJF,177.721
2026-09-30,ERI,ERN,15.0
2026-10-01,DZA,DZD,133.846029
2026-10-01,BHR,BHD,0.376
2026-10-01,EGY,EGP,51.965687
2026-10-01,IRN,IRR,1522336.036478
2026-10-01,IRQ,IQD,1309.953028
2026-10-01,ISR,ILS,3.068956
2026-10-01,JOR,JOD,0.709
2026-10-01,KWT,KWD,0.308528
2026-10-01,LBN,LBP,89500.0
2026-10-01,LBY,LYD,6.394915
2026-10-01,MAR,MAD,9.685424
2026-10-01,OMN,OMR,0.384497
2026-10-01,QAT,QAR,3.64
2026-10-01,SAU,SAR,3.75
2026-10-01,SYR,SYP,121.845042
2026-10-01,TUN,TND,2.974813
2026-10-01,ARE,AED,3.6725
2026-10-01,YEM,YER,236.534961
2026-10-01,AFG,AFN,64.860189
2026-10-01,BGD,BDT,123.023346
2026-10-01,BTN,BTN,96.0155
2026-10-01,IND,INR,95.997282
2026-10-01,MDV,MVR,15.453218
2026-10-01,NPL,NPR,153.6248
2026-10-01,PAK,PKR,276.984011
2026-10-01,LKA,LKR,330.375501
2026-10-01,TUR,TRY,49.048442
2026-10-01,SDN,SDG,543.657538
2026-10-01,SSD,SSP,5936.971385
2026-10-01,ETH,ETB,162.799411
2026-10-01,SOM,SOS,571.325155
2026-10-01,DJI,DJF,177.721
2026-10-01,ERI,ERN,15.0
2026-10-02,DZA,DZD,133.836015
2026-10-02,BHR,BHD,0.376
2026-10-02,EGY,EGP,52.300596
2026-10-02,IRN,IRR,1633996.25272
2026-10-02,IRQ,IQD,1310.214721
2026-10-02,ISR,ILS,3.075515
2026-10-02,JOR,JOD,0.709
2026-10-02,KWT,KWD,0.308607
2026-10-02,LBN,LBP,89500.0
2026-10-02,LBY,LYD,6.39433
2026-10-02,MAR,MAD,9.73792
2026-10-02,OMN,OMR,0.384497
2026-10-02,QAT,QAR,3.64
2026-10-02,SAU,SAR,3.75
2026-10-02,SYR,SYP,121.676115
2026-10-02,TUN,TND,2.986241
2026-10-02,ARE,AED,3.6725
2026-10-02,YEM,YER,236.304574
2026-10-02,AFG,AFN,64.770888
2026-10-02,BGD,BDT,122.989985
2026-10-02,BTN,BTN,96.34608
2026-10-02,IND,INR,96.378852
2026-10-02,MDV,MVR,15.43612
2026-10-02,NPL,NPR,154.153728
2026-10-02,PAK,PKR,277.099958
2026-10-02,LKA,LKR,330.403246
2026-10-02,TUR,TRY,49.123297
2026-10-02,SDN,SDG,511.544933
2026-10-02,SSD,SSP,6001.976751
2026-10-02,ETH,ETB,162.726695
2026-10-02,SOM,SOS,571.374308
2026-10-02,DJI,DJF,177.721
2026-10-02,ERI,ERN,15.0
2026-10-03,DZA,DZD,133.860402
2026-10-03,BHR,BHD,0.376
2026-10-03,EGY,EGP,52.28469
2026-10-03,IRN,IRR,776253.24865
2026-10-03,IRQ,IQD,1310.218099
2026-10-03,ISR,ILS,3.054198
2026-10-03,JOR,JOD,0.709
2026-10-03,KWT,KWD,0.308774
2026-10-03,LBN,LBP,89500.0
2026-10-03,LBY,LYD,6.394321
2026-10-03,MAR,MAD,9.880556
2026-10-03,OMN,OMR,0.384497
2026-10-03,QAT,QAR,3.64
2026-10-03,SAU,SAR,3.75
2026-10-03,SYR,SYP,121.808939
2026-10-03,TUN,TND,2.96609
2026-10-03,ARE,AED,3.6725
2026-10-03,YEM,YER,236.354385
2026-10-03,AFG,AFN,64.906705
2026-10-03,BGD,BDT,122.945747
2026-10-03,BTN,BTN,96.374911
2026-10-03,IND,INR,96.372564
2026-10-03,MDV,MVR,15.442218
2026-10-03,NPL,NPR,154.199857
2026-10-03,PAK,PKR,276.817029
2026-10-03,LKA,LKR,330.410801
2026-10-03,TUR,TRY,49.134891
2026-10-03,SDN,SDG,510.50994
2026-10-03,SSD,SSP,5657.078371
2026-10-03,ETH,ETB,162.838185
2026-10-03,SOM,SOS,571.373691
2026-10-03,DJI,DJF,177.721
2026-10-03,ERI,ERN,15.0
2026-10-04,DZA,DZD,133.860178
2026-10-04,BHR,BHD,0.376
2026-10-04,EGY,EGP,52.229699
2026-10-04,IRN,IRR,1333496.36587
2026-10-04,IRQ,IQD,1310.223228
2026-10-04,ISR,ILS,3.053144
2026-10-04,JOR,JOD,0.709
2026-10-04,KWT,KWD,0.308736
2026-10-04,LBN,LBP,89500.0
2026-10-04,LBY,LYD,6.394307
2026-10-04,MAR,MAD,9.864411
2026-10-04,OMN,OMR,0.384497
2026-10-04,QAT,QAR,3.64
2026-10-04,SAU,SAR,3.75
2026-10-04,SYR,SYP,121.802723
2026-10-04,TUN,TND,2.950188
2026-10-04,ARE,AED,3.6725
2026-10-04,YEM,YER,236.350478
2026-10-04,AFG,AFN,65.013299
2026-10-04,BGD,BDT,122.882066
2026-10-04,BTN,BTN,96.349418
2026-10-04,IND,INR,96.34955
2026-10-04,MDV,MVR,15.441875
2026-10-04,NPL,NPR,154.159069
2026-10-04,PAK,PKR,276.834776
2026-10-04,LKA,LKR,330.411427
2026-10-04,TUR,TRY,49.136571
2026-10-04,SDN,SDG,508.938452
2026-10-04,SSD,SSP,5653.721117
2026-10-04,ETH,ETB,162.798601
2026-10-04,SOM,SOS,571.372755
2026-10-04,DJI,DJF,177.721
2026-10-04,ERI,ERN,15.0
2026-10-05,DZA,DZD,134.191294
2026-10-05,BHR,BHD,0.376
2026-10-05,EGY,EGP,52.24751
2026-10-05,IRN,IRR,1480223.722823
2026-10-05,IRQ,IQD,1310.78161
2026-10-05,ISR,ILS,3.044838
2026-10-05,JOR,JOD,0.709
2026-10-05,KWT,KWD,0.309182
2026-10-05,LBN,LBP,89500.0
2026-10-05,LBY,LYD,6.403423
2026-10-05,MAR,MAD,9.919494
2026-10-05,OMN,OMR,0.384497
2026-10-05,QAT,QAR,3.64
2026-10-05,SAU,SAR,3.75
2026-10-05,SYR,SYP,121.969716
2026-10-05,TUN,TND,2.966641
2026-10-05,ARE,AED,3.6725
2026-10-05,YEM,YER,236.904274
2026-10-05,AFG,AFN,64.842196
2026-10-05,BGD,BDT,123.136994
2026-10-05,BTN,BTN,96.434512
2026-10-05,IND,INR,96.400634
2026-10-05,MDV,MVR,15.45683
2026-10-05,NPL,NPR,154.29522
2026-10-05,PAK,PKR,277.49233
2026-10-05,LKA,LKR,330.678444
2026-10-05,TUR,TRY,49.161928
2026-10-05,SDN,SDG,458.581675
2026-10-05,SSD,SSP,5653.042821
2026-10-05,ETH,ETB,161.513278
2026-10-05,SOM,SOS,571.514264
2026-10-05,DJI,DJF,177.721
2026-10-05,ERI,ERN,15.0
2026-10-06,DZA,DZD,133.877094
2026-10-06,BHR,BHD,0.376
2026-10-06,EGY,EGP,52.431625
2026-10-06,IRN,IRR,1712804.176223
2026-10-06,IRQ,IQD,1311.824108
2026-10-06,ISR,ILS,3.051319
2026-10-06,JOR,JOD,0.709
2026-10-06,KWT,KWD,0.309205
2026-10-06,LBN,LBP,89500.0
2026-10-06,LBY,LYD,6.403693
2026-10-06,MAR,MAD,9.971779
2026-10-06,OMN,OMR,0.384497
2026-10-06,QAT,QAR,3.64
2026-10-06,SAU,SAR,3.75
2026-10-06,SYR,SYP,121.810752
2026-10-06,TUN,TND,3.004032
2026-10-06,ARE,AED,3.6725
2026-10-06,YEM,YER,236.592833
2026-10-06,AFG,AFN,64.768777
2026-10-06,BGD,BDT,123.144869
2026-10-06,BTN,BTN,96.371675
2026-10-06,IND,INR,96.380408
2026-10-06,MDV,MVR,15.45008
2026-10-06,NPL,NPR,154.19468
2026-10-06,PAK,PKR,277.095194
2026-10-06,LKA,LKR,330.437691
2026-10-06,TUR,TRY,49.164125
2026-10-06,SDN,SDG,453.808274
2026-10-06,SSD,SSP,6072.991641
2026-10-06,ETH,ETB,161.339842
2026-10-06,SOM,SOS,571.959689
2026-10-06,DJI,DJF,177.721
2026-10-06,ERI,ERN,15.0
2026-10-07,DZA,DZD,134.395631
2026-10-07,BHR,BHD,0.376
2026-10-07,EGY,EGP,52.305619
2026-10-07,IRN,IRR,1719543.096782
2026-10-07,IRQ,IQD,1311.257157
2026-10-07,ISR,ILS,3.04477
2026-10-07,JOR,JOD,0.709
2026-10-07,KWT,KWD,0.309159
2026-10-07,LBN,LBP,89500.0
2026-10-07,LBY,LYD,6.42947
2026-10-07,MAR,MAD,9.963782
2026-10-07,OMN,OMR,0.384497
2026-10-07,QAT,QAR,3.64
2026-10-07,SAU,SAR,3.75
2026-10-07,SYR,SYP,121.537533
2026-10-07,TUN,TND,2.975208
2026-10-07,ARE,AED,3.6725
2026-10-07,YEM,YER,235.87403
2026-10-07,AFG,AFN,64.6389
2026-10-07,BGD,BDT,122.834725
2026-10-07,BTN,BTN,96.466709
2026-10-07,IND,INR,96.46757
2026-10-07,MDV,MVR,15.429903
2026-10-07,NPL,NPR,154.346734
2026-10-07,PAK,PKR,276.741533
2026-10-07,LKA,LKR,330.774169
2026-10-07,TUR,TRY,49.192482
2026-10-07,SDN,SDG,449.44214
2026-10-07,SSD,SSP,5651.660944
2026-10-07,ETH,ETB,161.306149
2026-10-07,SOM,SOS,571.702839
2026-10-07,DJI,DJF,177.721
2026-10-07,ERI,ERN,15.0
2026-10-08,DZA,DZD,134.565991
2026-10-08,BHR,BHD,0.376
2026-10-08,EGY,EGP,52.384326
2026-10-08,IRN,IRR,1735448.437608
2026-10-08,IRQ,IQD,1308.407502
2026-10-08,ISR,ILS,3.067906
2026-10-08,JOR,JOD,0.709
2026-10-08,KWT,KWD,0.309778
2026-10-08,LBN,LBP,89500.0
2026-10-08,LBY,LYD,6.415562
2026-10-08,MAR,MAD,9.96962
2026-10-08,OMN,OMR,0.384497
2026-10-08,QAT,QAR,3.64
2026-10-08,SAU,SAR,3.75
2026-10-08,SYR,SYP,121.788134
2026-10-08,TUN,TND,2.992945
2026-10-08,ARE,AED,3.6725
2026-10-08,YEM,YER,236.286605
2026-10-08,AFG,AFN,64.701676
2026-10-08,BGD,BDT,123.012003
2026-10-08,BTN,BTN,96.833251
2026-10-08,IND,INR,96.830256
2026-10-08,MDV,MVR,15.446185
2026-10-08,NPL,NPR,154.933201
2026-10-08,PAK,PKR,277.084072
2026-10-08,LKA,LKR,330.962637
2026-10-08,TUR,TRY,49.219055
2026-10-08,SDN,SDG,542.902502
2026-10-08,SSD,SSP,5686.290327
2026-10-08,ETH,ETB,161.563195
2026-10-08,SOM,SOS,570.630801
2026-10-08,DJI,DJF,177.721
2026-10-08,ERI,ERN,15.0
2026-10-09,DZA,DZD,134.430343
2026-10-09,BHR,BHD,0.376
2026-10-09,EGY,EGP,52.374069
2026-10-09,IRN,IRR,1756735.913495
2026-10-09,IRQ,IQD,1428.8947
2026-10-09,ISR,ILS,3.068082
2026-10-09,JOR,JOD,0.709
2026-10-09,KWT,KWD,0.310233
2026-10-09,LBN,LBP,89500.0
2026-10-09,LBY,LYD,6.409907
2026-10-09,MAR,MAD,9.937326
2026-10-09,OMN,OMR,0.384497
2026-10-09,QAT,QAR,3.64
2026-10-09,SAU,SAR,3.75
2026-10-09,SYR,SYP,121.641367
2026-10-09,TUN,TND,2.989453
2026-10-09,ARE,AED,3.6725
2026-10-09,YEM,YER,235.945769
2026-10-09,AFG,AFN,64.845433
2026-10-09,BGD,BDT,123.020115
2026-10-09,BTN,BTN,96.883175
2026-10-09,IND,INR,96.883664
2026-10-09,MDV,MVR,15.428575
2026-10-09,NPL,NPR,155.01308
2026-10-09,PAK,PKR,277.018
2026-10-09,LKA,LKR,330.503569
2026-10-09,TUR,TRY,49.278221
2026-10-09,SDN,SDG,511.101734
2026-10-09,SSD,SSP,5670.365153
2026-10-09,ETH,ETB,161.489731
2026-10-09,SOM,SOS,570.988522
2026-10-09,DJI,DJF,177.721
2026-10-09,ERI,ERN,15.0
2026-10-10,DZA,DZD,134.432665
2026-10-10,BHR,BHD,0.376
2026-10-10,EGY,EGP,52.380358
2026-10-10,IRN,IRR,1766720.082469
2026-10-10,IRQ,IQD,1430.322142
2026-10-10,ISR,ILS,3.063229
2026-10-10,JOR,JOD,0.709
2026-10-10,KWT,KWD,0.310597
2026-10-10,LBN,LBP,89500.0
2026-10-10,LBY,LYD,6.40994
2026-10-10,MAR,MAD,9.950928
2026-10-10,OMN,OMR,0.384497
2026-10-10,QAT,QAR,3.64
2026-10-10,SAU,SAR,3.75
2026-10-10,SYR,SYP,121.74275
2026-10-10,TUN,TND,3.005222
2026-10-10,ARE,AED,3.6725
2026-10-10,YEM,YER,235.964557
2026-10-10,AFG,AFN,64.827376
2026-10-10,BGD,BDT,123.223082
2026-10-10,BTN,BTN,96.868036
2026-10-10,IND,INR,96.867192
2026-10-10,MDV,MVR,15.432768
2026-10-10,NPL,NPR,154.988858
2026-10-10,PAK,PKR,276.883168
2026-10-10,LKA,LKR,330.720193
2026-10-10,TUR,TRY,49.339277
2026-10-10,SDN,SDG,510.078498
2026-10-10,SSD,SSP,5863.971182
2026-10-10,ETH,ETB,161.486482
2026-10-10,SOM,SOS,571.000033
2026-10-10,DJI,DJF,177.721
2026-10-10,ERI,ERN,15.0
