Data As Of,Country Code,Country,Debt To GDP (%),Debt To GDP (%) — As Of Year,Current Account (% GDP),Current Account (% GDP) — As Of Year,Reserves (Months Of Imports),Reserves (Months Of Imports) — As Of Year,GDP Growth (%),GDP Growth (%) — As Of Year,Inflation (%),Inflation (%) — As Of Year,Political Stability (WGI),Political Stability (WGI) — As Of Year,Government Effectiveness (WGI),Government Effectiveness (WGI) — As Of Year,Rule Of Law (WGI),Rule Of Law (WGI) — As Of Year,Regulatory Quality (WGI),Regulatory Quality (WGI) — As Of Year,Control Of Corruption (WGI),Control Of Corruption (WGI) — As Of Year,FDI Net Inflows (% GDP),FDI Net Inflows (% GDP) — As Of Year,Exports (% GDP),Exports (% GDP) — As Of Year,Imports (% GDP),Imports (% GDP) — As Of Year,Debt To GDP (%) — Source,Composite Risk Score,Factors Used,Risk Tier,Regional Rank,YoY Change,YoY Latest Year,YoY Prior Year
2026-08-28,YEM,Yemen,,,-7.72391058547812,2016.0,1.21909636539694,2016.0,0.752447592962554,2018,8.10472583623915,2014,-2.7505641,2024,-1.87279819999999,2024,-1.90158959999999,2024,-1.5841279,2024,-1.63587859999999,2024,-1.30563839823089,2018,8.75610238271449,2018.0,47.3217203387932,2018.0,,81.5,9,Higher Risk,1.0,-5.0,2018,2017
2026-08-28,LBN,Lebanon,139.4,2025.0,-28.103669636709,2023.0,13.6032284132075,2023.0,-7.07989192861814,2024,14.597595869611,2025,-1.3896806,2024,-1.1301199,2024,-1.0853525,2024,-0.958879399999999,2024,-1.3041344,2024,7.09437049742925,2024,23.3165495276514,2024.0,58.9158109340607,2024.0,IMF WEO (fallback),76.7,10,Higher Risk,2.0,3.2,2024,2023
2026-08-28,IRN,Iran,37.3,2026.0,,,,,-2.82597163290347,2025,42.1712244965444,2025,-1.58118839999999,2024,-0.7061233,2024,-1.2348012,2024,-1.5113535,2024,-1.14723819999999,2024,0.304914200880697,2024,25.754375261588,2025.0,34.4882471351587,2025.0,IMF WEO (fallback),72.4,8,Higher Risk,3.0,6.9,2024,2023
2026-08-28,SYR,Syria,30.0,2010.0,-0.598441906450217,2010.0,11.659017145464,2010.0,-0.20247264200475,2022,13.4175653228571,2019,-2.3680716,2024,-1.6726478,2024,-1.813556,2024,-1.9974752,2024,-1.70162709999999,2024,1.19065647696386,2011,6.7771895571266,2022.0,28.6600525880316,2022.0,IMF WEO (fallback),71.7,10,Higher Risk,4.0,1.9,2022,2021
2026-08-28,AFG,Afghanistan,8.0,2025.0,-15.7183027911684,2020.0,16.6316336551941,2020.0,1.87319280045979,2024,-6.60118564073726,2024,-2.2052112,2024,-1.9339966,2024,-1.93548869999999,2024,-1.538435,2024,-1.3087183,2024,0.144466946606861,2021,15.7027518479481,2024.0,68.0602732398198,2024.0,IMF WEO (fallback),64.5,10,Moderate Risk,5.0,-3.7,2024,2023
2026-08-28,IRQ,Iraq,27.438248367378,2018.0,2.99186896502489,2024.0,11.2072163127604,2024.0,-2.15574219066178,2025,0.303454715219382,2025,-2.0642762,2024,-1.1018847,2024,-1.3581614,2024,-1.030546,2024,-1.2050155,2024,-2.73525447039729,2024,39.7635173537006,2024.0,37.375421957139,2024.0,World Bank WDI,60.4,10,Moderate Risk,6.0,-3.2,2024,2023
2026-08-28,PAK,Pakistan,70.1,2026.0,-0.109990064562897,2025.0,3.75530612751488,2025.0,3.69842668749033,2025,3.54555214890893,2025,-2.0634311,2024,-0.6003273,2024,-1.017096,2024,-0.7928043,2024,-1.0656237,2024,0.454693640126553,2025,9.98520671042165,2025.0,17.2083306683448,2025.0,IMF WEO (fallback),60.3,10,Moderate Risk,7.0,-3.1,2024,2023
2026-08-28,BGD,Bangladesh,41.8,2026.0,-0.0524732355435052,2025.0,3.91092137452087,2025.0,3.48990671836833,2025,8.7687628116114,2025,-1.46295089999999,2024,-0.618974599999999,2024,-0.9600594,2024,-0.9500708,2024,-1.1021569,2024,0.404544313117544,2025,11.1161085689856,2025.0,16.8344754735707,2025.0,IMF WEO (fallback),58.4,10,Moderate Risk,8.0,3.7,2024,2023
2026-08-28,EGY,Egypt,87.0,2026.0,-3.81547628555514,2025.0,4.35960492991794,2025.0,4.39201068570188,2025,14.0735136645934,2025,-0.9779235,2024,-0.0970579,2024,-0.751539899999999,2024,-0.499469399999999,2024,-0.8269898,2024,4.23066505478546,2025,19.8200284513845,2025.0,31.5143194274435,2025.0,IMF WEO (fallback),57.0,10,Moderate Risk,9.0,4.4,2024,2023
2026-08-28,LBY,Libya,,,4.23506448409627,2023.0,31.5696640862316,2023.0,13.3717080516958,2025,1.84166666666702,2025,-1.8964767,2024,-1.41948799999999,2024,-1.6980126,2024,-1.7391073,2024,-1.5315957,2024,1.80500147243983,2023,71.7134746269549,2025.0,65.9450985743532,2025.0,,54.9,9,Moderate Risk,10.0,16.2,2024,2023
2026-08-28,TUN,Tunisia,42.5197543010178,2012.0,-1.50801033952852,2024.0,4.51241564590908,2024.0,2.49311010666248,2025,5.15100197572676,2025,-0.9248175,2024,-0.2393469,2024,-0.3644942,2024,-0.3901173,2024,-0.220154599999999,2024,1.47747574805229,2024,46.6517326028796,2025.0,54.7944728488274,2025.0,World Bank WDI,49.0,10,Moderate Risk,11.0,-1.2,2024,2023
2026-08-28,MDV,Maldives,57.2981206101706,2011.0,-18.6788603634035,2024.0,1.30326255855386,2024.0,6.31092335003081,2025,4.00578494118752,2025,-0.0544563,2024,-0.221286999999999,2024,0.0443492,2024,-0.2353508,2024,-0.335953799999999,2024,11.416720004027,2024,78.214216540835,2024.0,78.2597392001761,2024.0,World Bank WDI,48.6,10,Moderate Risk,12.0,2.4,2024,2023
2026-08-28,DZA,Algeria,59.2,2026.0,-1.0224994485325,2024.0,16.5279389774711,2024.0,3.815543719231,2025,1.41835151429016,2025,-0.6935882,2024,-0.2511914,2024,-0.6967772,2024,-0.7526468,2024,-0.5933952,2024,0.455370730483787,2024,16.8347751595565,2025.0,22.1441688566065,2025.0,IMF WEO (fallback),47.8,10,Moderate Risk,13.0,-5.1,2024,2023
2026-08-28,LKA,Sri Lanka,73.5126591623625,2015.0,1.21048332599166,2024.0,2.86493580597895,2024.0,4.9534339114043,2025,-4.76386036960983,2025,-0.350302399999999,2024,-0.2745215,2024,-0.2577461,2024,-0.299213499999999,2024,-0.384770899999999,2024,0.764077754153862,2024,18.9673796128721,2025.0,22.8416230396327,2025.0,World Bank WDI,46.6,10,Moderate Risk,14.0,-9.4,2024,2023
2026-08-28,NPL,Nepal,39.9222686422289,2021.0,3.87803253239857,2024.0,12.9718425174618,2024.0,4.43073194983359,2025,2.65334269811436,2025,-0.414613399999999,2024,-0.8845295,2024,-0.303653399999999,2024,-0.552333499999999,2024,-0.632602,2024,0.131412557108071,2024,8.82763359925247,2025.0,33.7244112435844,2025.0,World Bank WDI,45.9,10,Moderate Risk,15.0,-6.5,2024,2023
2026-08-28,MAR,Morocco,51.2263215704569,2011.0,-2.49808221535456,2025.0,5.92686959641173,2025.0,4.59524349182247,2025,0.701902154839545,2025,-0.4408003,2024,0.1763559,2024,-0.3678036,2024,-0.0266854999999999,2024,-0.5186913,2024,1.81954513887835,2025,41.9692139163022,2025.0,51.1324428826402,2025.0,World Bank WDI,44.8,10,Moderate Risk,16.0,-2.9,2024,2023
2026-08-28,JOR,Jordan,93.6205554347008,2023.0,-5.33366328480029,2024.0,7.79308209953668,2024.0,2.82660839845745,2025,1.76646490894206,2025,-0.3501687,2024,0.2162114,2024,0.1685335,2024,0.2760104,2024,0.2721934,2024,2.78862682935517,2024,,,,,World Bank WDI,43.1,10,Moderate Risk,17.0,-1.3,2024,2023
2026-08-28,IND,India,46.5224986659322,2018.0,-0.416854153498652,2025.0,7.8761457217327,2025.0,7.56666179284244,2025,2.39884954182294,2025,-0.785762499999999,2024,0.4046051,2024,-0.0392287,2024,-0.0960695999999999,2024,-0.2953362,2024,0.988285383995246,2025,22.2630410669804,2025.0,24.0051596190103,2025.0,World Bank WDI,40.7,10,Moderate Risk,18.0,-1.5,2024,2023
2026-08-28,BHR,Bahrain,111.598089477141,2020.0,4.83346638041053,2024.0,1.41650733987614,2024.0,3.48137573668635,2025,-0.137708855447902,2025,-0.2758672,2024,0.6002525,2024,0.1679373,2024,0.9502434,2024,0.2540662,2024,5.72467195311559,2024,87.4874315086406,2024.0,69.9934379215464,2024.0,World Bank WDI,40.3,10,Moderate Risk,19.0,0.2,2024,2023
2026-08-28,BTN,Bhutan,111.007884099526,2020.0,-19.4017852146799,2024.0,6.61474201389783,2024.0,8.00502716233098,2025,3.55513663074987,2025,1.3541153,2024,0.5808357,2024,0.7902665,2024,-0.0912943,2024,1.4722389,2024,0.0841982308924301,2024,31.4948602422141,2024.0,47.8676815531182,2024.0,World Bank WDI,35.2,10,Moderate Risk,20.0,-6.8,2024,2023
2026-08-28,OMN,Oman,32.7,2026.0,2.86434019736537,2024.0,3.68674849054903,2024.0,2.39787382295398,2025,0.967741935483928,2025,0.6272361,2024,0.5675096,2024,0.4493583,2024,0.6875152,2024,0.5072492,2024,11.6351181598926,2024,66.072566156431,2024.0,48.7801054403878,2024.0,IMF WEO (fallback),31.9,10,Lower Risk,21.0,-4.2,2024,2023
2026-08-28,ISR,Israel,69.8,2026.0,1.39698911798375,2025.0,14.5416215671135,2025.0,2.93114966387968,2025,3.0414132155654,2025,-1.03750149999999,2024,1.1726244,2024,0.5997177,2024,1.1138772,2024,0.853319,2024,4.29339412127743,2025,27.5583636636004,2025.0,25.4308527107197,2025.0,IMF WEO (fallback),30.6,10,Lower Risk,22.0,-4.1,2024,2023
2026-08-28,KWT,Kuwait,22.3,2026.0,22.6972052506544,2025.0,8.4055579755159,2025.0,2.731825804492,2025,2.36195936682045,2025,0.2939367,2024,0.3278963,2024,0.2308269,2024,0.4035133,2024,0.2183455,2024,0.262764598716339,2025,55.7559768271522,2024.0,38.2349394412597,2024.0,IMF WEO (fallback),30.0,10,Lower Risk,23.0,-5.2,2024,2023
2026-08-28,SAU,Saudi Arabia,32.1,2026.0,-2.56365940191401,2025.0,15.5945460088131,2025.0,4.50246560191663,2025,2.08420853585036,2025,-0.048171,2024,0.7833016,2024,0.2103549,2024,0.7102575,2024,0.7528275,2024,2.55517254024168,2025,29.7448740074211,2025.0,28.1733498505598,2025.0,IMF WEO (fallback),29.2,10,Lower Risk,24.0,-8.2,2024,2023
2026-08-28,QAT,Qatar,43.3,2026.0,14.8111802018003,2025.0,7.45258764673881,2025.0,2.90166036660493,2025,1.26734310292375,2024,0.9511752,2024,1.1342702,2024,0.589593,2024,0.9663365,2024,0.7548293,2024,1.40702006150615,2025,68.5984131738821,2022.0,31.6152340257357,2022.0,IMF WEO (fallback),24.1,10,Lower Risk,25.0,-4.7,2024,2023
2026-08-28,ARE,UAE,1.80326819075483,2013.0,14.4792979326645,2024.0,5.19940206842546,2024.0,3.99181200361831,2024,1.250865245598,2025,0.7886704,2024,1.2599659,2024,0.4968448,2024,1.1257177,2024,1.1702182,2024,8.26261604873876,2024,106.846123390953,2023.0,92.1988267361531,2023.0,World Bank WDI,19.9,10,Lower Risk,26.0,-2.9,2024,2023
