country_code,country,debt_to_gdp,debt_to_gdp_year,current_account_pct_gdp,current_account_pct_gdp_year,reserves_months_imports,reserves_months_imports_year,gdp_growth,gdp_growth_year,inflation,inflation_year,political_stability,political_stability_year,government_effectiveness,government_effectiveness_year,rule_of_law,rule_of_law_year,regulatory_quality,regulatory_quality_year,control_of_corruption,control_of_corruption_year,fdi_net_inflows_pct_gdp,fdi_net_inflows_pct_gdp_year,exports_pct_gdp,exports_pct_gdp_year,imports_pct_gdp,imports_pct_gdp_year,official_exchange_rate_lcu_usd,official_exchange_rate_lcu_usd_year,gdp_current_usd,gdp_current_usd_year,gdp_per_capita_usd,gdp_per_capita_usd_year,total_reserves_usd,total_reserves_usd_year,unemployment_rate,unemployment_rate_year,youth_unemployment_rate,youth_unemployment_rate_year,gini_index,gini_index_year,currency_depreciation_pct,currency_depreciation_pct_year,debt_to_gdp_source,gdp_growth_source,inflation_source
DZA,Algeria,59.2,2026.0,-8.8140015755314,2025.0,11.6330571871275,2025.0,3.815543719231,2025,1.41835151429016,2025.0,-0.6627361,2025,-0.1931638,2025,-0.6523622,2025,-0.7890922,2025,-0.5308705,2025,0.537107006425608,2025,16.8347751595565,2025.0,22.1441688566065,2025.0,131.605925,2025.0,287031225987.736,2025,6051.00322704182,2025,76825229205.7541,2025.0,11.633,2025,29.444,2025,27.6,2011.0,-1.8256303512237548,2025.0,IMF WEO (fallback),World Bank WDI,World Bank WDI
BHR,Bahrain,111.598089477141,2020.0,5.76391015322007,2025.0,1.4357179059313,2025.0,3.48137573668635,2025,-0.137708855447901,2025.0,-0.3332468,2025,0.42062,2025,0.1798289,2025,1.0026521,2025,0.2813045,2025,1.67703062467795,2025,87.4874315086406,2024.0,69.9934379215464,2024.0,0.376,2025.0,48965725531.9149,2025,30596.5794898885,2025,5269794300.52369,2025.0,1.102,2025,5.416,2025,,,0.0,2025.0,World Bank WDI,World Bank WDI,World Bank WDI
EGY,Egypt,87.0,2026.0,-3.81547628555514,2025.0,4.35960492991794,2025.0,4.39201068570188,2025,14.0735136645933,2025.0,-0.888096,2025,-0.1058467,2025,-0.6884214,2025,-0.4591944,2025,-0.7007723,2025,4.23066505478546,2025,19.8200284513845,2025.0,31.5143194274435,2025.0,49.2277558333333,2025.0,365254630179.737,2025,3085.80712036204,2025,48875494539.2689,2025.0,6.781,2025,18.293,2025,28.5,2021.0,8.672317899527059,2025.0,IMF WEO (fallback),World Bank WDI,World Bank WDI
IRN,Iran,37.3,2026.0,,,,,-2.82597163290347,2025,42.1712244965444,2025.0,-1.6905921,2025,-0.8569583,2025,-1.2173726,2025,-1.5254608,2025,-1.1415327,2025,0.454000166242696,2025,25.754375261588,2025.0,34.4882471351587,2025.0,42000.0,2023.0,362682115433.364,2025,3924.38017821898,2025,,,8.301,2025,21.9,2025,35.9,2023.0,0.0,2023.0,IMF WEO (fallback),World Bank WDI,World Bank WDI
IRQ,Iraq,27.438248367378,2018.0,1.93529990885233,2025.0,11.6000468498769,2025.0,-2.15574219066178,2025,0.303454715219381,2025.0,-1.8662146,2025,-1.0161448,2025,-1.3901726,2025,-1.0139353,2025,-1.2518349,2025,-2.99496051321083,2025,39.7635173537006,2024.0,37.375421957139,2024.0,1300.0,2025.0,254367293538.462,2025,5409.67899716967,2025,98450303284.422,2025.0,15.485,2025,32.012,2025,29.8,2023.0,0.0,2025.0,World Bank WDI,World Bank WDI,World Bank WDI
ISR,Israel,69.8,2026.0,2.02156973178796,2025.0,14.3610923129177,2025.0,2.93114966387968,2025,3.04141321556539,2025.0,-0.913622,2025,1.1918373,2025,0.6765449,2025,1.1257363,2025,0.9571528,2025,4.29650490864827,2025,27.5583636636004,2025.0,25.4308527107197,2025.0,3.45189166666666,2025.0,610777842873.595,2025,60336.8477964194,2025,229486904238.885,2025.0,3.489,2025,6.032,2025,38.3,2022.0,-6.698561148052345,2025.0,IMF WEO (fallback),World Bank WDI,World Bank WDI
JOR,Jordan,93.6205554347008,2023.0,-5.33366328480028,2024.0,7.79308209953669,2024.0,2.82660839845745,2025,1.76646490894205,2025.0,-0.3165227,2025,0.111297,2025,0.1917214,2025,0.3313692,2025,0.303263,2025,3.28188623089455,2025,,,,,0.71,2025.0,61610052535.2113,2025,5347.77731384797,2025,26557371377.9991,2025.0,16.535,2025,38.876,2025,33.7,2010.0,0.0,2025.0,World Bank WDI,World Bank WDI,World Bank WDI
KWT,Kuwait,22.3,2026.0,22.6972052506544,2025.0,8.4055579755159,2025.0,2.731825804492,2025,2.36195936682045,2025.0,0.422698,2025,0.2561165,2025,0.1967458,2025,0.358058,2025,0.2831103,2025,0.262764598716339,2025,55.7559768271522,2024.0,38.2349394412597,2024.0,0.306454776364577,2025.0,157209026926.418,2025,32312.3119953634,2025,51737963291.5741,2025.0,2.181,2025,15.058,2025,,,-0.07690884399213217,2025.0,IMF WEO (fallback),World Bank WDI,World Bank WDI
LBN,Lebanon,139.4,2025.0,-28.103669636709,2023.0,13.6032284132074,2023.0,-7.07989192861814,2024,14.597595869611,2025.0,-1.2676402,2025,-1.0963106,2025,-1.0554721,2025,-0.8532203,2025,-1.224546,2025,6.79248055666718,2024,23.3165495276514,2024.0,58.9158109340607,2024.0,89500.0,2025.0,25971643441.3408,2024,4473.27134441128,2024,33301277509.6206,2024.0,10.985,2023,22.744,2023,35.5,2022.0,0.0,2025.0,IMF WEO (fallback),World Bank WDI,World Bank WDI
LBY,Libya,,,4.23506448409627,2023.0,31.5696640862316,2023.0,13.3717080516958,2025,1.84166666666702,2025.0,-1.8366377,2025,-1.4893946,2025,-1.6490873,2025,-1.6636464,2025,-1.5304615,2025,1.72056776265352,2025,71.7134746269549,2025.0,65.9450985743532,2025.0,5.30256666666666,2025.0,48098909613.6316,2025,6448.82415074121,2025,104656885592.808,2025.0,18.758,2025,50.057,2025,,,9.733817354039237,2025.0,,World Bank WDI,World Bank WDI
MAR,Morocco,51.2263215704569,2011.0,-2.49808221535456,2025.0,5.92686959641172,2025.0,4.59524349182247,2025,0.701902154839544,2025.0,-0.5427683,2025,0.1765373,2025,-0.3409583,2025,-0.0179117,2025,-0.5027918,2025,1.81954513887835,2025,41.9692139163022,2025.0,51.1324428826402,2025.0,9.35027697089946,2025.0,182374250612.28,2025,4672.46826171875,2025,48453629604.8779,2025.0,9.0,2025,21.882,2025,39.5,2013.0,-5.955148400718945,2025.0,World Bank WDI,World Bank WDI,World Bank WDI
OMN,Oman,32.7,2026.0,-1.09295839165433,2025.0,3.74372481422508,2024.0,2.39787382295398,2025,0.967741935483927,2025.0,0.5951274,2025,0.3804683,2025,0.5018684,2025,0.6926743,2025,0.5029936,2025,6.15593965736605,2025,66.072566156431,2024.0,48.7801054403878,2024.0,0.3845,2025.0,109604780696.23,2025,19947.3966227092,2025,18286526117.9972,2024.0,3.251,2025,13.885,2025,,,0.0,2025.0,IMF WEO (fallback),World Bank WDI,World Bank WDI
PSE,Palestine,,,-15.8215746940007,2025.0,2.34819177993939,2025.0,4.34444072337577,2025,9.80840118100493,2025.0,-1.910581,2025,-1.3173044,2025,-0.9613304,2025,-0.4065393,2025,-0.5839144,2025,1.9212691698858,2025,21.2278136668395,2025.0,53.5326292734358,2025.0,,,17167100000.0,2025,3171.10844621579,2025,1825200000.0,2025.0,24.42,2022,36.092,2022,36.4,2023.0,,,,World Bank WDI,World Bank WDI
QAT,Qatar,43.3,2026.0,14.8111802018003,2025.0,7.4525876467388,2025.0,2.90166036660493,2025,1.26734310292375,2024.0,1.0413601,2025,0.9959197,2025,0.5630854,2025,0.9977909,2025,0.8809148,2025,1.40702006150615,2025,68.5984131738821,2022.0,31.6152340257357,2022.0,3.64,2025.0,215559615384.615,2025,72524.9066385222,2025,55847316824.2017,2025.0,0.13,2025,0.559,2025,35.1,2017.0,0.0,2025.0,IMF WEO (fallback),World Bank WDI,World Bank WDI
SAU,Saudi Arabia,32.1,2026.0,-2.56365940191401,2025.0,15.5945460088131,2025.0,4.50246560191663,2025,2.03559944812264,2025.0,0.0170733,2025,0.739527,2025,0.2737498,2025,0.6694526,2025,0.8055716,2025,2.55517254024168,2025,29.7448740074211,2025.0,28.1733498505598,2025.0,3.75,2025.0,1276942933333.33,2025,34536.6555456551,2025,505163993094.995,2025.0,3.038,2025,10.01,2025,,,0.0,2025.0,IMF WEO (fallback),World Bank WDI,World Bank WDI
SYR,Syria,30.0,2010.0,-0.598441906450217,2010.0,11.659017145464,2010.0,-0.20247264200475,2022,13.417565322857,2019.0,-2.3195097,2025,-1.586162,2025,-1.8143935,2025,-1.8104974,2025,-1.6179205,2025,1.19065646956077,2011,6.7771895571266,2022.0,28.6600525880316,2022.0,2505.74691085873,2022.0,23737634644.3994,2022,1056.78264718197,2022,20631907296.8694,2010.0,13.569,2025,33.101,2025,26.4,2022.0,99.50214258429381,2022.0,IMF WEO (fallback),World Bank WDI,World Bank WDI
TUN,Tunisia,42.5197543010178,2012.0,-2.31787417954113,2025.0,4.50360120517322,2024.0,2.49311010666248,2025,5.15100197572676,2025.0,-0.6979276,2025,-0.2846411,2025,-0.3911241,2025,-0.5249698,2025,-0.2038842,2025,1.98444302104666,2025,46.6517326028796,2025.0,54.7944728488274,2025.0,2.99736666666666,2025.0,57502836548.0878,2025,4656.63818386852,2025,9343597097.75793,2024.0,15.108,2025,38.075,2025,33.7,2021.0,-3.5425616931355286,2025.0,World Bank WDI,World Bank WDI,World Bank WDI
ARE,UAE,1.80326819075483,2013.0,15.7260704928542,2024.0,5.23408197432696,2025.0,3.99181200361831,2024,1.250865245598,2025.0,0.825539,2025,1.1286383,2025,0.5434326,2025,1.1742823,2025,1.1522607,2025,8.26177302526361,2024,106.846123390953,2023.0,92.1988267361531,2023.0,3.6725,2025.0,552324919095.872,2024,50273.5126243239,2024,292319262021.321,2025.0,2.174,2025,6.451,2025,26.4,2018.0,0.0,2025.0,World Bank WDI,World Bank WDI,World Bank WDI
YEM,Yemen,,,-7.72391058547812,2016.0,1.21909636539694,2016.0,0.752447592962554,2018,8.10472583623914,2014.0,-2.5063447,2025,-1.8718916,2025,-1.9429795,2025,-1.4707297,2025,-1.6791358,2025,-0.0361008145854707,2018,8.75610238271449,2018.0,47.3217203387932,2018.0,1355.11637864823,2023.0,21606160663.0318,2018,633.887202451545,2018,1250826378.53555,2022.0,17.322,2025,32.598,2025,36.7,2014.0,21.534841029775258,2023.0,,World Bank WDI,World Bank WDI
AFG,Afghanistan,8.0,2025.0,-15.7183027911684,2020.0,16.6316336551941,2020.0,1.87319280045979,2024,-6.60118564073725,2024.0,-2.0427057,2025,-1.9693812,2025,-1.8509911,2025,-1.4368826,2025,-1.3058016,2025,0.144466918556362,2021,15.7027518479481,2024.0,68.0602732398198,2024.0,76.8135364354897,2020.0,17778508875.7396,2024,416.871146273728,2024,9748946326.71795,2020.0,13.351,2025,16.785,2025,,,-1.1891396063540838,2020.0,IMF WEO (fallback),World Bank WDI,World Bank WDI
BGD,Bangladesh,41.8,2026.0,-0.0445219313220335,2025.0,3.91206738611618,2025.0,3.48990671836833,2025,8.7687628116114,2025.0,-0.9414349,2025,-0.4446676,2025,-0.9097061,2025,-0.9378502,2025,-0.9836417,2025,0.391072629131908,2025,11.1161085689856,2025.0,16.8344754735707,2025.0,121.920836605034,2025.0,456319229255.578,2025,2597.34352335275,2025,28562651500.7356,2025.0,3.778,2025,9.385,2025,30.9,2022.0,5.464518292387368,2025.0,IMF WEO (fallback),World Bank WDI,World Bank WDI
BTN,Bhutan,111.007884099526,2020.0,-19.4017852146799,2024.0,6.61474201389785,2024.0,8.00502716233098,2025,3.55513663074987,2025.0,1.3932596,2025,0.7056605,2025,0.7217758,2025,-0.0933992,2025,1.4734256,2025,0.238058616008172,2025,31.4948602422141,2024.0,47.8676815531182,2024.0,87.1584483507393,2025.0,3579320145.13077,2025,4492.78400306618,2025,1193813117.88207,2025.0,3.227,2025,17.052,2025,28.5,2022.0,4.1701885134784025,2025.0,World Bank WDI,World Bank WDI,World Bank WDI
IND,India,46.5224986659322,2018.0,-0.511308076227287,2025.0,7.85087469673437,2025.0,7.56666179284244,2025,2.39884954182294,2025.0,-0.6078803,2025,0.5021381,2025,-0.1286599,2025,-0.1695733,2025,-0.2791735,2025,1.03111732367627,2025,22.2630410669804,2025.0,24.0051596190103,2025.0,87.1584483507393,2025.0,3956067115771.63,2025,2702.47987141553,2025,700073798240.701,2025.0,4.219,2025,16.022,2025,23.0,2023.0,4.1701885134784025,2025.0,World Bank WDI,World Bank WDI,World Bank WDI
MDV,Maldives,57.2981206101706,2011.0,-6.15203695001533,2025.0,1.93387168959155,2025.0,6.31092335003081,2025,4.00578494118751,2025.0,0.0779501,2025,-0.2410056,2025,-0.010952,2025,-0.3970683,2025,-0.333851,2025,11.071897165053,2025,78.214216540835,2024.0,78.2597392001761,2024.0,15.415677547363,2025.0,7741066860.6337,2025,14614.7208116541,2025,984573591.713979,2025.0,4.514,2025,15.694,2025,29.3,2019.0,0.1720766799105638,2025.0,World Bank WDI,World Bank WDI,World Bank WDI
NPL,Nepal,39.9222686422289,2021.0,10.6730207923179,2025.0,15.5192743908397,2025.0,4.43073194983359,2025,2.65334269811436,2025.0,-0.4431262,2025,-0.7696473,2025,-0.3062956,2025,-0.6533801,2025,-0.773002,2025,0.0957346932713607,2025,8.82763359925247,2025.0,33.7244112435844,2025.0,139.115437592695,2025.0,45489810283.1132,2025,1535.87781246307,2025,21100332321.6852,2025.0,10.465,2025,20.559,2025,30.0,2022.0,4.029707994870921,2025.0,World Bank WDI,World Bank WDI,World Bank WDI
PAK,Pakistan,70.1,2026.0,-0.109990047825719,2025.0,3.75530612459722,2025.0,3.69842668749033,2025,3.54555214890892,2025.0,-1.9507331,2025,-0.6059794,2025,-1.066575,2025,-0.9179055,2025,-1.0685743,2025,0.454693640126553,2025,9.98520671042165,2025.0,17.2083306683448,2025.0,281.143001173202,2025.0,407307214476.222,2025,1595.90912252837,2025,26455819675.7311,2025.0,5.42,2025,9.594,2025,33.5,2024.0,0.9197639523974818,2025.0,IMF WEO (fallback),World Bank WDI,World Bank WDI
LKA,Sri Lanka,73.5126591623625,2015.0,1.57989637194729,2025.0,2.86510891041574,2024.0,4.9534339114043,2025,-4.76386036960982,2025.0,-0.0428179,2025,-0.128554,2025,-0.207336,2025,-0.3036811,2025,-0.2831085,2025,0.959277643876202,2025,18.9673796128721,2025.0,22.8416230396327,2025.0,300.851958333333,2025.0,108825231671.196,2025,5002.07904353724,2025,6093946546.37436,2024.0,4.005,2025,18.578,2025,37.7,2019.0,-0.4184181090665681,2025.0,World Bank WDI,World Bank WDI,World Bank WDI
TUR,Turkey,25.5128667788107,2024.0,-1.89933817058389,2025.0,5.127654800312,2025.0,3.60462514082589,2025,34.8811700293777,2025.0,-0.8812265,2025,0.0289387,2025,-0.8121093,2025,-0.1718558,2025,-0.5280827,2025,0.812061289822783,2025,24.8497719904256,2025.0,25.0849063722672,2025.0,39.4548130977982,2025.0,1597293229287.0,2025,18599.4420922378,2025,185567690700.458,2025.0,8.52,2025,16.042,2025,43.7,2023.0,20.267572202076238,2025.0,World Bank WDI,World Bank WDI,World Bank WDI
SDN,Sudan,169.1,2026.0,-8.46205728143248,2025.0,0.186146721322575,2017.0,3.06427942935869,2025,138.80846024176,2022.0,-2.0692829,2025,-1.953554,2025,-1.8570236,2025,-1.7438138,2025,-1.5713435,2025,3.15777394629957e-06,2025,1.1030420269355,2025.0,1.27888825694147,2025.0,546.75885,2022.0,60162634574.4689,2025,1164.53991699219,2025,177933851.813136,2017.0,7.53,2022,12.0,2022,34.2,2014.0,47.45758780731366,2022.0,IMF WEO (fallback),World Bank WDI,World Bank WDI
SSD,South Sudan,57.3,2026.0,7.93071136684621,2023.0,0.174842702708606,2023.0,-10.7933646271143,2015,91.4408220769045,2024.0,-1.5151309,2025,-2.2509815,2025,-2.0254361,2025,-1.9170395,2025,-2.0959669,2025,0.0012502291294692,2015,36.6513492804707,2015.0,28.8999999040295,2015.0,2163.10387269883,2024.0,11997800760.2242,2015,1080.14718624765,2015,15961778.4894402,2024.0,12.374,2023,18.524,2023,44.0,2016.0,132.50895369429827,2024.0,IMF WEO (fallback),World Bank WDI,World Bank WDI
ETH,Ethiopia,31.4488445666124,2019.0,-2.53176480495897,2024.0,1.78062348919911,2024.0,9.7715182202934,2025,13.2296432836808,2025.0,-1.8541502,2025,-0.6157847,2025,-0.9378974,2025,-0.7298898,2025,-0.3743932,2025,3.00394992132766,2025,13.2837545839474,2025.0,20.176028072184,2025.0,82.6013363504764,2024.0,126358758448.356,2025,932.729352775179,2025,3784387425.1912,2024.0,3.323,2025,5.353,2025,31.1,2021.0,51.28187197065475,2024.0,World Bank WDI,World Bank WDI,World Bank WDI
SOM,Somalia,12.6627391994652,2024.0,,,,,2.99114404482197,2025,5.9,2026.0,-2.1678755,2025,-1.9067175,2025,-2.1669973,2025,-1.7047566,2025,-1.6918555,2025,6.41775424759099,2025,29.2484917491797,2025.0,98.8149470599555,2025.0,23097.9873219373,2017.0,12995200000.2658,2025,661.173877723116,2025,,,18.948,2025,34.23,2025,,,0.15698268433823628,2017.0,World Bank WDI,World Bank WDI,IMF WEO (fallback)
DJI,Djibouti,29.6,2026.0,14.6941756648345,2024.0,0.850017224988692,2024.0,6.4954610524268,2025,-0.31373179953348,2025.0,-0.4872592,2025,-0.5284526,2025,-1.021781,2025,-0.8711622,2025,-0.9311597,2025,3.22283021928311,2025,110.493588636595,2025.0,95.8024545556204,2025.0,177.721,2025.0,4624533092.31886,2025,3905.604954681,2025,655743660.361958,2025.0,26.015,2025,76.766,2025,41.6,2017.0,0.0,2025.0,IMF WEO (fallback),World Bank WDI,World Bank WDI
ERI,Eritrea,260.4,2019.0,,,,,8.67980010138049,2011,1.3,2019.0,-0.5998337,2025,-1.5256834,2025,-1.7691616,2025,-2.1058454,2025,-1.6097625,2025,0.303892303082893,2011,18.1548372567671,2011.0,29.2389528621013,2011.0,15.075,2025.0,2065001626.01626,2011,688.68165957684,2011,191694416.403147,2019.0,5.978,2025,10.241,2025,,,0.0,2025.0,IMF WEO (fallback),World Bank WDI,IMF WEO (fallback)
