country_code,year,risk_score,economic_risk_score,political_risk_score,country
AFG,2010,70.2,46.4,86.0,Afghanistan
ARE,2010,21.4,50.3,11.8,UAE
BGD,2010,63.6,69.0,60.0,Bangladesh
BHR,2010,36.3,48.4,26.2,Bahrain
BTN,2010,41.7,62.1,24.6,Bhutan
DJI,2010,52.3,60.4,48.3,Djibouti
DZA,2010,49.0,39.3,55.5,Algeria
EGY,2010,57.0,75.0,45.0,Egypt
ERI,2010,70.9,76.1,70.1,Eritrea
ETH,2010,58.9,62.9,56.2,Ethiopia
IND,2010,52.4,68.5,39.0,India
IRN,2010,67.0,69.2,66.2,Iran
IRQ,2010,65.8,51.7,75.1,Iraq
ISR,2010,34.8,56.1,17.1,Israel
JOR,2010,47.8,67.2,31.6,Jordan
KWT,2010,35.8,56.4,22.0,Kuwait
LBN,2010,54.8,61.4,50.4,Lebanon
LBY,2010,50.4,28.5,65.0,Libya
LKA,2010,53.5,71.0,39.0,Sri Lanka
MAR,2010,47.0,57.7,38.1,Morocco
MDV,2010,52.0,69.0,37.9,Maldives
NPL,2010,59.6,60.1,59.3,Nepal
OMN,2010,35.1,61.6,17.4,Oman
PAK,2010,72.1,83.1,64.8,Pakistan
PSE,2010,55.7,71.1,45.4,Palestine
QAT,2010,1.4,0.0,1.8,Qatar
SAU,2010,36.5,42.2,32.8,Saudi Arabia
SDN,2010,81.0,83.8,79.2,Sudan
SOM,2010,93.2,52.5,100.0,Somalia
SSD,2010,44.9,41.1,51.4,South Sudan
SYR,2010,58.4,59.8,57.5,Syria
TUN,2010,45.3,59.0,33.9,Tunisia
TUR,2010,44.1,63.3,28.2,Turkey
YEM,2010,69.1,72.8,66.6,Yemen
AFG,2011,66.5,42.8,86.3,Afghanistan
ARE,2011,6.0,4.6,6.7,UAE
BGD,2011,50.5,39.4,59.8,Bangladesh
BHR,2011,28.2,27.0,29.5,Bahrain
BTN,2011,36.0,48.0,24.1,Bhutan
DJI,2011,48.8,47.4,49.7,Djibouti
DZA,2011,44.0,26.6,58.5,Algeria
EGY,2011,46.1,40.8,50.5,Egypt
ERI,2011,53.6,4.1,70.2,Eritrea
ETH,2011,52.9,48.7,56.3,Ethiopia
IND,2011,41.2,40.5,42.0,India
IRN,2011,49.7,25.1,61.9,Iran
IRQ,2011,52.8,29.4,72.3,Iraq
ISR,2011,24.8,33.9,15.3,Israel
JOR,2011,36.5,42.1,30.8,Jordan
KWT,2011,24.1,21.3,26.5,Kuwait
LBN,2011,45.5,38.3,51.5,Lebanon
LBY,2011,55.8,37.2,71.3,Libya
LKA,2011,43.5,48.3,38.7,Sri Lanka
MAR,2011,39.5,38.3,40.7,Morocco
MDV,2011,44.5,47.3,41.7,Maldives
NPL,2011,49.7,37.7,59.6,Nepal
OMN,2011,28.1,33.2,23.9,Oman
PAK,2011,56.1,40.4,69.1,Pakistan
PSE,2011,51.4,49.9,52.4,Palestine
QAT,2011,12.7,23.6,3.7,Qatar
SAU,2011,28.3,20.6,34.7,Saudi Arabia
SDN,2011,64.8,47.9,78.8,Sudan
SOM,2011,76.3,5.0,100.0,Somalia
SSD,2011,73.2,63.9,76.3,South Sudan
SYR,2011,57.5,42.3,65.0,Syria
TUN,2011,36.7,37.2,36.1,Tunisia
TUR,2011,32.1,34.7,29.6,Turkey
YEM,2011,60.9,48.5,71.2,Yemen
AFG,2012,74.4,61.0,85.6,Afghanistan
ARE,2012,16.5,34.7,7.4,UAE
BGD,2012,60.7,56.9,63.8,Bangladesh
BHR,2012,36.7,42.8,30.7,Bahrain
BTN,2012,47.1,70.2,24.1,Bhutan
DJI,2012,52.4,54.7,50.9,Djibouti
DZA,2012,50.6,41.3,58.3,Algeria
EGY,2012,54.5,57.1,52.3,Egypt
ERI,2012,68.6,42.2,73.0,Eritrea
ETH,2012,61.3,65.9,57.4,Ethiopia
IND,2012,51.4,58.7,44.1,India
IRN,2012,63.8,64.9,63.2,Iran
IRQ,2012,60.6,44.3,74.3,Iraq
ISR,2012,34.5,52.8,15.4,Israel
JOR,2012,45.7,60.3,31.2,Jordan
KWT,2012,33.5,38.0,29.8,Kuwait
LBN,2012,54.3,54.0,54.6,Lebanon
LBY,2012,45.9,17.4,69.6,Libya
LKA,2012,53.9,67.5,40.4,Sri Lanka
MAR,2012,48.4,56.9,41.4,Morocco
MDV,2012,52.0,61.4,44.2,Maldives
NPL,2012,60.0,58.2,61.6,Nepal
OMN,2012,35.3,49.4,23.6,Oman
PAK,2012,64.8,59.4,69.2,Pakistan
PSE,2012,58.1,61.9,55.5,Palestine
QAT,2012,20.9,42.4,3.0,Qatar
SAU,2012,33.1,30.0,35.7,Saudi Arabia
SDN,2012,84.7,88.6,81.4,Sudan
SOM,2012,82.5,30.1,100.0,Somalia
SSD,2012,76.6,80.0,74.9,South Sudan
SYR,2012,80.4,88.3,76.5,Syria
TUN,2012,45.3,53.3,37.2,Tunisia
TUR,2012,39.9,49.7,30.0,Turkey
YEM,2012,65.7,56.1,73.7,Yemen
AFG,2013,67.8,47.0,85.1,Afghanistan
ARE,2013,7.7,10.3,6.0,UAE
BGD,2013,52.6,38.1,64.7,Bangladesh
BHR,2013,35.2,38.9,31.6,Bahrain
BTN,2013,40.3,57.7,22.8,Bhutan
DJI,2013,54.2,55.3,53.4,Djibouti
DZA,2013,41.3,24.7,55.2,Algeria
EGY,2013,53.4,47.3,58.5,Egypt
ERI,2013,66.6,17.4,74.8,Eritrea
ETH,2013,47.3,36.6,57.9,Ethiopia
IND,2013,44.4,45.2,43.6,India
IRN,2013,66.0,69.3,64.3,Iran
IRQ,2013,54.2,29.8,74.5,Iraq
ISR,2013,24.9,33.0,16.4,Israel
JOR,2013,39.8,47.2,32.3,Jordan
KWT,2013,28.6,27.0,29.9,Kuwait
LBN,2013,48.7,40.5,55.6,Lebanon
LBY,2013,57.6,35.1,76.3,Libya
LKA,2013,44.6,47.8,41.5,Sri Lanka
MAR,2013,40.7,39.2,42.0,Morocco
MDV,2013,42.7,40.1,44.7,Maldives
NPL,2013,50.9,40.4,59.6,Nepal
OMN,2013,29.7,35.6,24.8,Oman
PAK,2013,57.6,44.9,68.3,Pakistan
PSE,2013,52.6,50.1,54.2,Palestine
QAT,2013,14.4,28.7,2.4,Qatar
SAU,2013,27.2,16.5,36.1,Saudi Arabia
SDN,2013,76.3,70.5,81.2,Sudan
SOM,2013,75.7,2.8,100.0,Somalia
SSD,2013,56.1,5.8,81.2,South Sudan
SYR,2013,86.3,100.0,79.5,Syria
TUN,2013,42.1,44.5,40.0,Tunisia
TUR,2013,35.7,39.9,31.5,Turkey
YEM,2013,59.5,43.4,72.9,Yemen
AFG,2014,62.8,37.3,84.0,Afghanistan
ARE,2014,7.1,8.1,6.5,UAE
BGD,2014,48.6,32.9,61.7,Bangladesh
BHR,2014,33.0,31.9,34.2,Bahrain
BTN,2014,34.7,49.5,20.0,Bhutan
DJI,2014,41.8,24.8,56.0,Djibouti
DZA,2014,41.3,20.6,58.6,Algeria
EGY,2014,50.3,40.9,58.2,Egypt
ERI,2014,65.0,2.1,75.4,Eritrea
ETH,2014,44.2,31.9,56.5,Ethiopia
IND,2014,39.3,35.0,43.6,India
IRN,2014,58.6,52.7,61.6,Iran
IRQ,2014,54.7,27.4,77.5,Iraq
ISR,2014,21.2,27.0,15.0,Israel
JOR,2014,36.7,40.5,32.9,Jordan
KWT,2014,29.3,23.1,34.4,Kuwait
LBN,2014,47.3,33.8,58.5,Lebanon
LBY,2014,67.5,44.4,86.8,Libya
LKA,2014,40.1,39.7,40.5,Sri Lanka
MAR,2014,38.2,34.0,41.6,Morocco
MDV,2014,37.1,32.5,41.0,Maldives
NPL,2014,46.6,34.0,57.1,Nepal
OMN,2014,27.5,32.1,23.7,Oman
PAK,2014,53.4,36.3,67.8,Pakistan
PSE,2014,52.6,50.7,53.8,Palestine
QAT,2014,16.2,24.7,9.1,Qatar
SAU,2014,26.0,12.2,37.4,Saudi Arabia
SDN,2014,74.7,65.6,82.3,Sudan
SOM,2014,76.9,8.7,99.6,Somalia
SSD,2014,66.4,36.5,91.3,South Sudan
SYR,2014,77.1,63.5,83.9,Syria
TUN,2014,39.8,40.1,39.6,Tunisia
TUR,2014,36.4,37.3,35.5,Turkey
YEM,2014,61.9,40.2,80.0,Yemen
AFG,2015,65.5,42.7,84.4,Afghanistan
ARE,2015,6.8,7.6,6.4,UAE
BGD,2015,48.9,33.0,62.2,Bangladesh
BHR,2015,37.2,41.3,33.0,Bahrain
BTN,2015,34.8,52.1,17.5,Bhutan
DJI,2015,41.4,22.2,57.4,Djibouti
DZA,2015,49.7,40.3,57.5,Algeria
EGY,2015,51.3,43.0,58.3,Egypt
ERI,2015,67.1,0.2,78.2,Eritrea
ETH,2015,46.2,34.3,58.1,Ethiopia
IND,2015,37.9,35.2,40.6,India
IRN,2015,48.0,27.3,58.3,Iran
IRQ,2015,53.1,27.1,79.2,Iraq
ISR,2015,23.2,32.6,13.4,Israel
JOR,2015,37.5,43.1,32.0,Jordan
KWT,2015,34.9,34.7,35.0,Kuwait
LBN,2015,47.4,34.4,58.2,Lebanon
LBY,2015,64.2,31.9,91.1,Libya
LKA,2015,40.6,45.6,35.6,Sri Lanka
MAR,2015,40.6,39.8,41.3,Morocco
MDV,2015,41.6,37.7,44.9,Maldives
NPL,2015,46.5,30.8,59.7,Nepal
OMN,2015,30.5,37.7,24.5,Oman
PAK,2015,52.6,35.3,67.1,Pakistan
PSE,2015,54.0,51.1,55.9,Palestine
QAT,2015,18.8,29.8,9.5,Qatar
SAU,2015,31.9,24.9,37.6,Saudi Arabia
SDN,2015,67.0,48.3,82.6,Sudan
SOM,2015,76.1,9.4,98.4,Somalia
SSD,2015,82.9,71.4,92.6,South Sudan
SYR,2015,80.8,70.9,85.7,Syria
TUN,2015,42.9,45.9,40.4,Tunisia
TUR,2015,38.9,37.9,40.0,Turkey
YEM,2015,78.1,69.2,84.0,Yemen
AFG,2016,64.4,39.3,85.3,Afghanistan
ARE,2016,9.0,11.9,7.5,UAE
BGD,2016,45.4,25.9,61.7,Bangladesh
BHR,2016,37.5,39.0,35.9,Bahrain
BTN,2016,34.4,51.9,17.0,Bhutan
DJI,2016,44.8,28.3,58.5,Djibouti
DZA,2016,47.7,34.6,58.6,Algeria
EGY,2016,47.2,34.7,57.6,Egypt
ERI,2016,66.7,0.1,77.8,Eritrea
ETH,2016,43.3,28.1,58.5,Ethiopia
IND,2016,32.9,26.0,39.7,India
IRN,2016,40.4,8.1,56.6,Iran
IRQ,2016,47.0,15.2,78.7,Iraq
ISR,2016,17.7,24.8,10.3,Israel
JOR,2016,36.4,40.1,32.6,Jordan
KWT,2016,33.8,29.3,37.6,Kuwait
LBN,2016,50.7,41.2,58.6,Lebanon
LBY,2016,60.0,23.1,90.7,Libya
LKA,2016,34.2,30.7,37.1,Sri Lanka
MAR,2016,38.3,34.5,41.4,Morocco
MDV,2016,44.6,44.1,45.0,Maldives
NPL,2016,46.1,31.9,57.9,Nepal
OMN,2016,31.9,39.1,25.9,Oman
PAK,2016,49.0,29.0,65.6,Pakistan
PSE,2016,50.5,44.7,54.4,Palestine
QAT,2016,21.5,33.8,11.3,Qatar
SAU,2016,31.5,26.4,35.7,Saudi Arabia
SDN,2016,62.4,38.8,82.1,Sudan
SOM,2016,76.9,14.8,97.5,Somalia
SSD,2016,89.2,82.5,93.6,South Sudan
SYR,2016,71.9,36.0,89.8,Syria
TUN,2016,40.7,38.4,42.7,Tunisia
TUR,2016,36.3,27.0,45.6,Turkey
YEM,2016,75.8,59.3,86.7,Yemen
AFG,2017,69.7,50.8,85.4,Afghanistan
ARE,2017,16.6,31.7,9.0,UAE
BGD,2017,51.8,40.0,61.6,Bangladesh
BHR,2017,42.8,48.3,37.3,Bahrain
BTN,2017,37.3,60.5,14.0,Bhutan
DJI,2017,52.0,43.3,59.3,Djibouti
DZA,2017,51.7,44.4,57.8,Algeria
EGY,2017,55.6,55.0,56.1,Egypt
ERI,2017,66.7,3.0,77.4,Eritrea
ETH,2017,48.6,37.9,59.4,Ethiopia
IND,2017,37.4,36.3,38.5,India
IRN,2017,48.2,30.8,56.9,Iran
IRQ,2017,54.8,31.2,78.4,Iraq
ISR,2017,24.9,34.2,15.1,Israel
JOR,2017,40.8,48.4,33.1,Jordan
KWT,2017,38.8,39.8,38.0,Kuwait
LBN,2017,55.1,51.8,57.7,Lebanon
LBY,2017,50.1,4.8,87.9,Libya
LKA,2017,40.1,42.0,38.6,Sri Lanka
MAR,2017,42.2,40.8,43.3,Morocco
MDV,2017,50.4,53.2,48.1,Maldives
NPL,2017,46.8,37.9,54.3,Nepal
OMN,2017,37.6,50.7,26.7,Oman
PAK,2017,54.6,43.8,63.6,Pakistan
PSE,2017,56.0,62.9,51.4,Palestine
QAT,2017,27.0,41.0,15.3,Qatar
SAU,2017,35.8,32.3,38.8,Saudi Arabia
SDN,2017,68.2,54.8,79.4,Sudan
SOM,2017,78.1,25.8,95.6,Somalia
SSD,2017,86.2,75.0,93.6,South Sudan
SYR,2017,70.6,35.8,87.9,Syria
TUN,2017,44.6,50.0,40.0,Tunisia
TUR,2017,41.2,37.0,45.3,Turkey
YEM,2017,78.2,51.9,87.0,Yemen
AFG,2018,68.3,46.7,86.2,Afghanistan
ARE,2018,13.0,23.1,8.0,UAE
BGD,2018,47.5,31.8,60.6,Bangladesh
BHR,2018,43.1,49.6,36.6,Bahrain
BTN,2018,32.9,53.1,12.6,Bhutan
DJI,2018,44.3,28.6,57.4,Djibouti
DZA,2018,48.4,40.0,55.5,Algeria
EGY,2018,47.1,37.1,55.5,Egypt
ERI,2018,69.8,8.3,80.0,Eritrea
ETH,2018,45.0,33.0,57.0,Ethiopia
IND,2018,34.6,31.7,37.4,India
IRN,2018,56.5,46.0,61.7,Iran
IRQ,2018,50.7,22.8,78.7,Iraq
ISR,2018,23.3,31.3,14.9,Israel
JOR,2018,37.7,41.3,34.7,Jordan
KWT,2018,31.9,28.6,34.6,Kuwait
LBN,2018,56.0,51.9,59.4,Lebanon
LBY,2018,51.0,6.9,87.8,Libya
LKA,2018,39.7,40.8,38.8,Sri Lanka
MAR,2018,41.7,38.7,44.2,Morocco
MDV,2018,44.9,41.0,48.1,Maldives
NPL,2018,43.8,33.4,52.4,Nepal
OMN,2018,33.8,41.6,27.3,Oman
PAK,2018,51.2,37.2,62.9,Pakistan
PSE,2018,55.1,56.5,54.2,Palestine
QAT,2018,24.4,35.5,15.2,Qatar
SAU,2018,31.4,24.4,37.1,Saudi Arabia
SDN,2018,82.0,84.4,80.4,Sudan
SOM,2018,89.9,52.9,96.1,Somalia
SSD,2018,84.3,68.8,94.7,South Sudan
SYR,2018,65.3,21.3,87.3,Syria
TUN,2018,41.3,45.0,38.3,Tunisia
TUR,2018,41.1,36.3,46.0,Turkey
YEM,2018,75.9,31.7,90.6,Yemen
AFG,2019,64.5,38.3,86.4,Afghanistan
ARE,2019,10.0,13.6,8.2,UAE
BGD,2019,46.9,30.0,61.1,Bangladesh
BHR,2019,41.5,48.0,35.0,Bahrain
BTN,2019,30.2,47.2,13.3,Bhutan
DJI,2019,43.8,26.1,58.5,Djibouti
DZA,2019,48.2,35.2,59.1,Algeria
EGY,2019,45.0,33.2,55.0,Egypt
ERI,2019,69.9,4.2,80.8,Eritrea
ETH,2019,43.6,30.5,56.7,Ethiopia
IND,2019,35.3,32.7,37.4,India
IRN,2019,55.6,36.1,65.3,Iran
IRQ,2019,54.4,25.0,78.9,Iraq
ISR,2019,21.9,28.0,15.5,Israel
JOR,2019,37.5,39.9,35.1,Jordan
KWT,2019,29.6,23.9,34.3,Kuwait
LBN,2019,55.3,46.9,62.4,Lebanon
LBY,2019,60.9,27.4,88.9,Libya
LKA,2019,39.6,41.0,38.4,Sri Lanka
MAR,2019,39.4,35.4,42.7,Morocco
MDV,2019,42.7,42.3,43.1,Maldives
NPL,2019,40.3,27.2,53.5,Nepal
OMN,2019,32.5,40.1,26.2,Oman
PAK,2019,53.3,42.2,62.6,Pakistan
PSE,2019,54.2,51.8,55.8,Palestine
QAT,2019,22.9,34.4,13.4,Qatar
SAU,2019,29.9,22.2,36.4,Saudi Arabia
SDN,2019,74.1,65.2,80.0,Sudan
SOM,2019,85.3,28.4,94.8,Somalia
SSD,2019,84.0,66.7,95.5,South Sudan
SYR,2019,66.1,19.4,89.4,Syria
TUN,2019,40.2,41.7,38.9,Tunisia
TUR,2019,39.7,34.3,45.0,Turkey
YEM,2019,92.0,100.0,90.7,Yemen
AFG,2020,62.4,34.0,86.1,Afghanistan
ARE,2020,9.9,14.6,7.5,UAE
BGD,2020,45.5,28.0,60.1,Bangladesh
BHR,2020,40.4,47.9,32.9,Bahrain
BTN,2020,30.4,50.2,10.6,Bhutan
DJI,2020,43.5,26.5,57.7,Djibouti
DZA,2020,46.4,35.0,55.9,Algeria
EGY,2020,42.8,29.1,54.2,Egypt
ERI,2020,69.3,5.6,80.0,Eritrea
ETH,2020,47.3,35.3,57.3,Ethiopia
IND,2020,34.8,32.1,37.0,India
IRN,2020,47.7,9.9,66.6,Iran
IRQ,2020,59.9,36.0,79.8,Iraq
ISR,2020,20.6,24.9,16.2,Israel
JOR,2020,32.5,32.9,32.2,Jordan
KWT,2020,28.1,23.4,32.0,Kuwait
LBN,2020,56.7,47.4,64.5,Lebanon
LBY,2020,62.4,30.5,88.9,Libya
LKA,2020,36.3,35.1,37.3,Sri Lanka
MAR,2020,36.7,33.0,39.8,Morocco
MDV,2020,48.0,60.1,37.9,Maldives
NPL,2020,38.5,25.7,51.2,Nepal
OMN,2020,31.1,38.1,25.2,Oman
PAK,2020,48.3,34.0,60.3,Pakistan
PSE,2020,54.4,50.6,56.9,Palestine
QAT,2020,19.6,32.0,9.3,Qatar
SAU,2020,30.9,27.2,34.0,Saudi Arabia
SDN,2020,68.5,55.5,77.1,Sudan
SOM,2020,84.3,22.6,94.6,Somalia
SSD,2020,80.0,57.1,95.3,South Sudan
SYR,2020,80.9,56.5,89.0,Syria
TUN,2020,36.1,36.3,36.0,Tunisia
TUR,2020,38.1,31.2,45.0,Turkey
YEM,2020,86.3,54.8,91.6,Yemen
AFG,2021,76.4,50.8,85.0,Afghanistan
ARE,2021,11.3,19.3,7.3,UAE
BGD,2021,51.0,40.7,59.6,Bangladesh
BHR,2021,32.1,39.0,26.4,Bahrain
BTN,2021,25.3,42.9,10.7,Bhutan
DJI,2021,51.9,45.4,57.4,Djibouti
DZA,2021,47.5,37.3,55.9,Algeria
EGY,2021,48.8,43.2,53.4,Egypt
ERI,2021,68.2,1.0,79.4,Eritrea
ETH,2021,54.2,46.3,60.8,Ethiopia
IND,2021,37.3,36.5,37.9,India
IRN,2021,51.8,23.5,66.0,Iran
IRQ,2021,57.2,31.6,78.5,Iraq
ISR,2021,22.5,30.2,14.5,Israel
JOR,2021,42.3,51.2,33.4,Jordan
KWT,2021,28.6,26.7,30.1,Kuwait
LBN,2021,60.0,52.6,66.1,Lebanon
LBY,2021,53.8,14.6,86.5,Libya
LKA,2021,42.4,44.5,40.7,Sri Lanka
MAR,2021,40.3,38.9,41.5,Morocco
MDV,2021,33.5,34.3,32.8,Maldives
NPL,2021,44.1,38.4,49.8,Nepal
OMN,2021,33.8,43.3,25.8,Oman
PAK,2021,51.8,42.6,59.5,Pakistan
PSE,2021,57.5,57.4,57.5,Palestine
QAT,2021,19.6,33.5,8.0,Qatar
SAU,2021,28.9,26.3,31.0,Saudi Arabia
SDN,2021,81.0,84.9,78.3,Sudan
SOM,2021,80.6,36.6,95.3,Somalia
SSD,2021,74.9,43.3,96.0,South Sudan
SYR,2021,76.5,34.8,90.4,Syria
TUN,2021,40.5,42.9,38.5,Tunisia
TUR,2021,39.8,34.1,45.5,Turkey
YEM,2021,79.3,7.5,91.2,Yemen
AFG,2022,77.9,51.1,86.9,Afghanistan
ARE,2022,9.2,11.8,8.0,UAE
BGD,2022,50.7,38.0,61.2,Bangladesh
BHR,2022,30.0,33.0,27.5,Bahrain
BTN,2022,26.8,45.4,11.4,Bhutan
DJI,2022,46.4,33.1,57.5,Djibouti
DZA,2022,44.0,30.3,55.4,Algeria
EGY,2022,48.3,42.2,53.4,Egypt
ERI,2022,69.2,0.0,80.8,Eritrea
ETH,2022,54.5,46.9,60.8,Ethiopia
IND,2022,36.8,35.2,38.1,India
IRN,2022,52.8,23.7,67.4,Iran
IRQ,2022,54.0,21.5,81.1,Iraq
ISR,2022,24.2,30.4,17.8,Israel
JOR,2022,41.7,49.6,33.9,Jordan
KWT,2022,25.5,22.1,28.3,Kuwait
LBN,2022,66.2,64.6,67.5,Lebanon
LBY,2022,59.6,26.1,87.4,Libya
LKA,2022,56.8,68.0,47.4,Sri Lanka
MAR,2022,43.0,43.2,42.9,Morocco
MDV,2022,36.2,35.0,37.1,Maldives
NPL,2022,45.2,37.9,51.2,Nepal
OMN,2022,28.4,33.2,24.4,Oman
PAK,2022,55.6,46.5,63.2,Pakistan
PSE,2022,55.7,53.3,57.2,Palestine
QAT,2022,17.8,29.0,8.6,Qatar
SAU,2022,23.0,17.9,27.3,Saudi Arabia
SDN,2022,74.9,64.6,81.8,Sudan
SOM,2022,77.7,32.2,92.8,Somalia
SSD,2022,79.8,60.2,92.9,South Sudan
SYR,2022,89.4,81.7,92.0,Syria
TUN,2022,43.8,44.3,43.4,Tunisia
TUR,2022,50.0,52.7,47.4,Turkey
YEM,2022,78.8,8.5,90.5,Yemen
AFG,2023,68.3,10.0,87.7,Afghanistan
ARE,2023,15.7,26.5,6.8,UAE
BGD,2023,48.0,32.2,61.2,Bangladesh
BHR,2023,28.1,30.7,25.9,Bahrain
BTN,2023,24.8,41.5,10.9,Bhutan
DJI,2023,43.1,25.8,57.6,Djibouti
DZA,2023,39.8,22.4,54.2,Algeria
EGY,2023,45.1,36.5,52.3,Egypt
ERI,2023,69.2,1.1,80.5,Eritrea
ETH,2023,50.0,35.4,62.2,Ethiopia
IND,2023,33.4,27.6,38.2,India
IRN,2023,50.2,11.7,69.5,Iran
IRQ,2023,54.2,22.0,81.0,Iraq
ISR,2023,22.2,24.4,19.8,Israel
JOR,2023,36.5,42.0,31.1,Jordan
KWT,2023,24.2,21.2,26.7,Kuwait
LBN,2023,71.3,75.2,68.1,Lebanon
LBY,2023,51.1,9.1,86.1,Libya
LKA,2023,41.4,35.9,46.0,Sri Lanka
MAR,2023,37.3,30.9,42.7,Morocco
MDV,2023,38.5,39.0,38.1,Maldives
NPL,2023,39.9,27.8,49.9,Nepal
OMN,2023,26.7,31.7,22.5,Oman
PAK,2023,53.2,37.8,66.0,Pakistan
PSE,2023,56.8,50.2,61.2,Palestine
QAT,2023,16.2,25.7,8.3,Qatar
SAU,2023,24.1,24.2,24.0,Saudi Arabia
SDN,2023,87.9,100.0,85.9,Sudan
SOM,2023,81.0,15.2,92.0,Somalia
SSD,2023,70.9,37.2,93.4,South Sudan
TUN,2023,40.3,34.0,45.5,Tunisia
TUR,2023,39.4,31.0,47.8,Turkey
YEM,2023,78.2,3.7,90.6,Yemen
AFG,2024,67.5,9.4,86.8,Afghanistan
ARE,2024,14.6,24.6,6.4,UAE
BGD,2024,50.6,35.5,63.1,Bangladesh
BHR,2024,28.9,34.0,24.6,Bahrain
BTN,2024,21.8,34.7,10.9,Bhutan
DJI,2024,43.8,28.2,56.9,Djibouti
DZA,2024,36.0,17.2,51.6,Algeria
EGY,2024,47.4,42.0,51.9,Egypt
ERI,2024,69.4,0.3,80.9,Eritrea
ETH,2024,51.7,39.4,61.8,Ethiopia
IND,2024,32.3,26.6,36.9,India
IRN,2024,58.7,26.4,69.4,Iran
IRQ,2024,51.9,25.5,73.9,Iraq
ISR,2024,19.1,18.1,20.1,Israel
JOR,2024,30.5,30.4,30.6,Jordan
KWT,2024,22.5,17.6,26.5,Kuwait
LBN,2024,68.1,67.0,68.6,Lebanon
LBY,2024,59.1,9.4,83.9,Libya
LKA,2024,41.8,39.9,43.1,Sri Lanka
MAR,2024,36.3,30.9,40.7,Morocco
MDV,2024,40.9,43.5,38.6,Maldives
NPL,2024,36.1,19.9,49.5,Nepal
OMN,2024,24.7,32.6,18.1,Oman
PAK,2024,52.3,36.3,65.7,Pakistan
PSE,2024,73.4,88.0,63.7,Palestine
QAT,2024,15.1,21.9,9.4,Qatar
SAU,2024,19.9,19.4,20.3,Saudi Arabia
SDN,2024,84.6,70.8,86.9,Sudan
SOM,2024,71.2,5.7,93.1,Somalia
SSD,2024,84.5,62.3,91.9,South Sudan
TUN,2024,40.9,34.8,46.0,Tunisia
TUR,2024,51.3,54.1,48.5,Turkey
ARE,2025,9.2,18.8,5.9,UAE
BGD,2025,58.0,56.4,59.2,Bangladesh
BHR,2025,27.0,31.9,24.5,Bahrain
BTN,2025,17.0,30.4,10.2,Bhutan
DJI,2025,46.8,25.6,57.5,Djibouti
DZA,2025,44.1,30.1,51.1,Algeria
EGY,2025,55.6,61.2,50.9,Egypt
ERI,2025,72.5,24.8,80.5,Eritrea
ETH,2025,52.9,30.3,60.4,Ethiopia
IND,2025,39.7,41.9,37.9,India
IRN,2025,79.1,100.0,72.1,Iran
IRQ,2025,67.8,53.3,72.6,Iraq
ISR,2025,24.1,28.9,19.2,Israel
JOR,2025,31.6,34.6,30.2,Jordan
KWT,2025,28.4,31.9,25.4,Kuwait
LBN,2025,58.2,33.0,66.6,Lebanon
LBY,2025,63.4,25.0,82.6,Libya
LKA,2025,36.6,26.0,40.1,Sri Lanka
MAR,2025,41.3,41.4,41.3,Morocco
MDV,2025,36.2,29.3,39.6,Maldives
NPL,2025,46.6,36.9,51.5,Nepal
OMN,2025,23.9,34.9,18.4,Oman
PAK,2025,59.5,50.9,66.8,Pakistan
PSE,2025,67.2,71.7,64.2,Palestine
QAT,2025,22.0,42.9,8.1,Qatar
SAU,2025,25.0,32.0,19.3,Saudi Arabia
SDN,2025,85.1,63.6,88.7,Sudan
SOM,2025,87.6,64.1,91.5,Somalia
TUN,2025,46.0,44.1,46.6,Tunisia
TUR,2025,59.3,81.6,48.2,Turkey
